CustomerID,last_purchase,frequency,monetary,recency,R_score,F_score,M_score,RFM_score,segment
12346,2011-01-18 10:01:00,1,77183.6,326,1,1,4,6,Lost
12347,2011-12-07 15:52:00,7,4310.0,2,4,4,4,12,Champions
12348,2011-09-25 13:13:00,4,1437.24,75,2,3,3,8,At Risk
12349,2011-11-21 09:51:00,1,1457.55,19,3,1,3,7,Promising
12350,2011-02-02 16:01:00,1,294.4,310,1,1,1,3,Lost
12352,2011-11-03 14:37:00,7,1385.74,36,3,4,3,10,Loyal
12353,2011-05-19 17:47:00,1,89.0,204,1,1,1,3,Lost
12354,2011-04-21 13:11:00,1,1079.4,232,1,1,3,5,Lost
12355,2011-05-09 13:49:00,1,459.4,214,1,1,2,4,Lost
12356,2011-11-17 08:40:00,3,2487.43,23,3,3,4,10,Loyal
12357,2011-11-06 16:07:00,1,6207.67,33,3,1,4,8,Promising
12358,2011-12-08 10:26:00,2,928.0600000000001,2,4,2,3,9,Promising
12359,2011-10-13 12:47:00,4,6372.58,58,2,3,4,9,At Risk
12360,2011-10-18 15:22:00,3,2302.06,52,2,3,4,9,At Risk
12361,2011-02-25 13:51:00,1,174.9,287,1,1,1,3,Lost
12362,2011-12-06 15:40:00,10,4737.23,3,4,4,4,12,Champions
12363,2011-08-22 10:18:00,2,552.0,110,2,2,2,6,Needs Attention
12364,2011-12-02 10:22:00,4,1208.1,8,4,3,3,10,Loyal
12365,2011-02-21 13:51:00,1,320.69,291,1,1,2,4,Lost
12367,2011-12-05 16:48:00,1,150.9,4,4,1,1,6,Promising
12370,2011-10-19 14:51:00,4,3425.69,51,3,3,4,10,Loyal
12371,2011-10-11 10:43:00,1,1527.96,60,2,1,3,6,Needs Attention
12372,2011-09-29 12:12:00,3,1196.04,72,2,3,3,8,At Risk
12373,2011-02-01 13:10:00,1,324.6,311,1,1,2,4,Lost
12374,2011-11-14 15:37:00,1,622.93,25,3,1,2,6,Promising
12375,2011-11-29 10:36:00,2,377.5,11,4,2,2,8,Promising
12377,2011-01-28 15:45:00,2,1548.12,315,1,2,3,6,Needs Attention
12378,2011-08-02 10:34:00,1,4008.62,130,2,1,4,7,Needs Attention
12379,2011-09-19 10:09:00,2,777.24,82,2,2,3,7,Needs Attention
12380,2011-11-18 11:27:00,4,2427.81,22,3,3,4,10,Loyal
12381,2011-12-05 12:44:00,3,1474.81,5,4,3,3,10,Loyal
12383,2011-06-08 08:02:00,5,1628.56,185,1,3,3,7,At Risk
12384,2011-11-11 08:39:00,2,425.27000000000004,29,3,2,2,7,Promising
12386,2011-01-06 12:37:00,2,401.9,338,1,2,2,5,Needs Attention
12388,2011-11-24 12:30:00,6,2780.66,16,4,4,4,12,Champions
12390,2011-09-21 09:33:00,1,504.84000000000003,80,2,1,2,5,Needs Attention
12391,2011-11-18 12:07:00,1,460.89,22,3,1,2,6,Promising
12393,2011-09-28 15:41:00,4,1582.6000000000001,72,2,3,3,8,At Risk
12394,2011-10-07 08:08:00,2,1080.48,64,2,2,3,7,Needs Attention
12395,2011-11-20 15:21:00,12,2682.63,19,3,4,4,11,Loyal
12397,2011-11-04 09:52:00,2,2214.9,36,3,2,4,9,Promising
12398,2011-10-25 10:27:00,1,1435.66,46,3,1,3,7,Promising
12399,2011-08-12 13:15:00,4,1033.65,119,2,3,3,8,At Risk
12401,2011-02-09 13:50:00,1,69.3,303,1,1,1,3,Lost
12402,2011-01-20 13:49:00,1,195.6,323,1,1,1,3,Lost
12403,2011-10-21 10:51:00,1,391.7,50,3,1,2,6,Promising
12405,2011-07-14 08:52:00,1,1390.39,149,1,1,3,5,Lost
12406,2011-11-17 19:22:00,2,3415.3,22,3,2,4,9,Promising
12407,2011-10-21 10:11:00,5,1507.1200000000001,50,3,3,3,9,Loyal
12408,2011-11-07 12:27:00,5,2618.55,33,3,3,4,10,Loyal
12409,2011-09-22 10:38:00,3,11072.67,79,2,3,4,9,At Risk
12410,2011-02-04 10:39:00,2,533.33,309,1,2,2,5,Needs Attention
12412,2011-09-26 10:16:00,3,1142.88,75,2,3,3,8,At Risk
12413,2011-10-04 09:00:00,3,686.1,67,2,3,3,8,At Risk
12414,2011-05-06 14:51:00,3,442.41,217,1,3,2,6,At Risk
12415,2011-11-15 14:22:00,20,124564.53,24,3,4,4,11,Loyal
12417,2011-12-06 14:52:00,9,3226.1,3,4,4,4,12,Champions
12418,2011-08-19 11:08:00,1,668.58,113,2,1,3,6,Needs Attention
12420,2011-10-07 08:55:00,1,600.39,64,2,1,2,5,Needs Attention
12421,2011-11-24 09:07:00,4,639.04,16,4,3,2,9,Loyal
12422,2011-09-05 09:48:00,3,683.5600000000001,96,2,3,3,8,At Risk
12423,2011-12-09 10:10:00,8,1634.31,1,4,4,4,12,Champions
12424,2011-06-30 12:06:00,2,1760.96,163,1,2,4,7,Needs Attention
12425,2011-09-22 17:31:00,1,777.2,78,2,1,3,6,Needs Attention
12426,2011-05-29 12:26:00,1,510.73,195,1,1,2,4,Lost
12427,2011-11-18 08:56:00,3,699.8,22,3,3,3,9,Loyal
12428,2011-11-14 08:22:00,8,6405.26,26,3,4,4,11,Loyal
12429,2011-11-30 17:22:00,4,3388.4,9,4,3,4,11,Loyal
12430,2011-10-27 15:09:00,1,216.4,43,3,1,1,5,Promising
12431,2011-11-04 11:55:00,15,6382.45,36,3,4,4,11,Loyal
12432,2011-10-28 11:43:00,4,4359.32,43,3,3,4,10,Loyal
12433,2011-12-09 10:02:00,7,13375.87,1,4,4,4,12,Champions
12434,2011-09-16 12:38:00,2,806.14,85,2,2,3,7,Needs Attention
12435,2011-09-21 09:06:00,2,7829.89,80,2,2,4,8,Needs Attention
12436,2011-09-01 12:09:00,1,429.01000000000005,100,2,1,2,5,Needs Attention
12437,2011-12-08 11:35:00,18,4447.41,2,4,4,4,12,Champions
12438,2011-11-25 13:28:00,2,2466.85,14,4,2,4,10,Promising
12441,2010-12-08 10:45:00,1,155.55,367,1,1,1,3,Lost
12442,2011-12-06 14:22:00,1,144.06,3,4,1,1,6,Promising
12444,2011-11-18 13:23:00,5,4085.46,21,3,3,4,10,Loyal
12445,2011-11-17 18:43:00,1,77.4,22,3,1,1,5,Promising
12446,2011-10-13 12:50:00,1,1002.3100000000001,58,2,1,3,6,Needs Attention
12447,2011-04-10 13:25:00,1,431.49,243,1,1,2,4,Lost
12448,2011-10-26 13:46:00,1,365.45,44,3,1,2,6,Promising
12449,2011-11-17 13:46:00,4,3596.29,22,3,3,4,10,Loyal
12450,2011-07-06 14:41:00,2,197.88,156,1,2,1,4,Needs Attention
12451,2011-11-29 08:40:00,5,8995.52,11,4,3,4,11,Loyal
12452,2011-11-23 08:05:00,1,348.57,17,4,1,2,7,Promising
12453,2011-07-28 14:08:00,1,707.09,134,2,1,3,6,Needs Attention
12454,2011-10-14 17:13:00,1,3528.34,56,2,1,4,7,Needs Attention
12455,2011-09-27 15:31:00,5,2339.86,73,2,3,4,9,At Risk
12456,2011-10-26 14:41:00,3,2581.04,44,3,3,4,10,Loyal
12457,2011-10-04 13:13:00,6,2043.23,66,2,4,4,10,At Risk
12458,2011-09-29 15:25:00,2,787.4,71,2,2,3,7,Needs Attention
12461,2011-07-08 10:23:00,1,626.88,155,1,1,2,4,Lost
12462,2011-11-21 09:11:00,2,937.59,19,3,2,3,8,Promising
12463,2011-10-17 13:44:00,4,1200.78,53,2,3,3,8,At Risk
12464,2011-11-29 13:33:00,8,957.05,10,4,4,3,11,Loyal
12465,2011-11-22 16:34:00,2,682.1899999999999,17,4,2,3,9,Promising
12468,2011-06-05 11:36:00,2,657.54,188,1,2,2,5,Needs Attention
12471,2011-12-07 15:43:00,27,17424.05,2,4,4,4,12,Champions
12472,2011-11-07 14:01:00,7,6068.11,32,3,4,4,11,Loyal
12473,2011-10-17 11:27:00,3,2596.23,54,2,3,4,9,At Risk
12474,2011-11-22 14:39:00,18,6745.79,17,4,4,4,12,Champions
12475,2011-10-17 10:10:00,1,669.38,54,2,1,3,6,Needs Attention
12476,2011-11-24 12:40:00,11,5898.42,16,4,4,4,12,Champions
12477,2011-11-17 09:51:00,6,13219.74,23,3,4,4,11,Loyal
12478,2011-12-06 09:56:00,1,545.99,4,4,1,2,7,Promising
12479,2011-11-28 13:26:00,1,473.2,11,4,1,2,7,Promising
12480,2011-11-11 14:52:00,4,2885.63,28,3,3,4,10,Loyal
12481,2011-11-17 08:29:00,10,5020.32,23,3,4,4,11,Loyal
12483,2011-11-22 17:02:00,8,1910.98,17,4,4,4,12,Champions
12484,2011-11-04 15:18:00,4,3953.72,35,3,3,4,10,Loyal
12488,2011-11-30 08:50:00,3,1244.66,10,4,3,3,10,Loyal
12489,2011-01-07 13:13:00,1,298.93,336,1,1,1,3,Lost
12490,2011-12-04 16:07:00,10,4859.93,5,4,4,4,12,Champions
12491,2011-11-01 12:18:00,1,424.40000000000003,39,3,1,2,6,Promising
12492,2011-10-07 15:15:00,2,227.21,63,2,2,1,5,Needs Attention
12493,2011-06-27 10:17:00,2,415.74,166,1,2,2,5,Needs Attention
12494,2011-11-24 09:34:00,7,1084.1000000000001,16,4,4,3,11,Loyal
12497,2011-09-19 12:29:00,1,953.1,82,2,1,3,6,Needs Attention
12498,2011-11-18 12:53:00,3,349.70000000000005,21,3,3,2,8,Loyal
12500,2011-11-16 16:20:00,11,4059.82,23,3,4,4,11,Loyal
12501,2011-01-07 12:28:00,1,2025.39,337,1,1,4,6,Lost
12502,2011-09-05 11:52:00,5,2995.87,96,2,3,4,9,At Risk
12504,2011-11-21 16:02:00,2,428.04999999999995,18,4,2,2,8,Promising
12506,2011-04-21 08:54:00,1,73.5,233,1,1,1,3,Lost
12507,2011-07-28 17:09:00,3,1052.81,134,2,3,3,8,At Risk
12508,2011-11-13 15:37:00,2,398.27,26,3,2,2,7,Promising
12509,2011-02-28 14:45:00,1,158.5,284,1,1,1,3,Lost
12510,2011-07-20 10:15:00,2,814.5699999999999,143,2,2,3,7,Needs Attention
12512,2011-10-04 14:55:00,2,138.03,66,2,2,1,5,Needs Attention
12513,2011-08-19 10:51:00,1,558.29,113,2,1,2,5,Needs Attention
12514,2011-03-17 16:38:00,1,1017.68,267,1,1,3,5,Lost
12515,2010-12-21 15:43:00,1,278.7,353,1,1,1,3,Lost
12516,2011-09-23 09:13:00,2,1186.06,78,2,2,3,7,Needs Attention
12517,2011-11-11 13:57:00,4,2322.84,28,3,3,4,10,Loyal
12518,2011-12-09 10:13:00,5,1840.89,1,4,3,4,11,Loyal
12519,2011-10-07 09:26:00,1,286.84,64,2,1,1,4,Needs Attention
12520,2011-09-21 15:23:00,5,2346.2599999999998,79,2,3,4,9,At Risk
12521,2011-07-20 10:51:00,1,545.68,143,2,1,2,5,Needs Attention
12522,2011-10-31 15:30:00,2,156.72,39,3,2,1,6,Promising
12523,2011-11-20 12:55:00,11,1699.77,19,3,4,4,11,Loyal
12524,2011-11-30 15:31:00,8,3945.72,9,4,4,4,12,Champions
12526,2011-12-09 12:09:00,3,1172.66,1,4,3,3,10,Loyal
12527,2011-09-19 11:55:00,3,330.71000000000004,82,2,3,2,7,At Risk
12528,2011-11-30 14:40:00,6,1645.48,9,4,4,4,12,Champions
12530,2011-10-11 12:34:00,4,1500.28,60,2,3,3,8,At Risk
12531,2011-11-25 11:12:00,1,125.22,15,4,1,1,6,Promising
12532,2011-11-09 13:47:00,1,313.83000000000004,30,3,1,2,6,Promising
12534,2011-08-01 10:26:00,1,981.18,131,2,1,3,6,Needs Attention
12535,2011-09-09 08:48:00,2,716.35,92,2,2,3,7,Needs Attention
12536,2011-10-11 14:52:00,1,4279.71,59,2,1,4,7,Needs Attention
12538,2011-11-10 17:16:00,1,363.95,29,3,1,2,6,Promising
12539,2011-11-17 13:30:00,4,5568.35,22,3,3,4,10,Loyal
12540,2011-11-20 11:31:00,17,11580.24,20,3,4,4,11,Loyal
12541,2011-11-10 10:40:00,3,841.18,30,3,3,3,9,Loyal
12544,2011-11-03 16:15:00,1,316.7,36,3,1,2,6,Promising
12545,2011-09-25 13:39:00,2,832.39,75,2,2,3,7,Needs Attention
12546,2011-10-24 12:09:00,2,1021.5,47,3,2,3,8,Promising
12547,2011-05-26 12:38:00,2,151.79999999999998,198,1,2,1,4,Needs Attention
12548,2011-06-26 15:35:00,1,67.19999999999999,166,1,1,1,3,Lost
12550,2011-09-21 14:35:00,1,824.83,79,2,1,3,6,Needs Attention
12551,2010-12-17 11:23:00,1,168.0,358,1,1,1,3,Lost
12552,2011-10-31 12:11:00,1,317.82,40,3,1,2,6,Promising
12553,2011-12-01 16:38:00,10,3278.28,8,4,4,4,12,Champions
12556,2011-10-20 13:06:00,2,603.71,50,3,2,2,7,Promising
12557,2011-11-23 16:59:00,5,11990.960000000001,16,4,3,4,11,Loyal
12558,2011-12-02 10:41:00,1,269.96,8,4,1,1,6,Promising
12559,2011-02-02 09:49:00,2,525.71,311,1,2,2,5,Needs Attention
12560,2011-12-04 13:54:00,2,1918.01,5,4,2,4,10,Promising
12561,2011-02-10 11:39:00,1,238.85,303,1,1,1,3,Lost
12562,2011-12-01 17:20:00,7,3385.7400000000002,8,4,4,4,12,Champions
12564,2011-03-23 14:55:00,1,402.9,261,1,1,2,4,Lost
12565,2011-02-24 10:34:00,1,145.92,289,1,1,1,3,Lost
12566,2011-09-14 14:30:00,1,297.65,86,2,1,1,4,Needs Attention
12567,2011-11-17 11:02:00,10,8609.28,23,3,4,4,11,Loyal
12569,2011-12-07 16:24:00,32,3152.69,2,4,4,4,12,Champions
12571,2011-10-31 10:19:00,2,519.61,40,3,2,2,7,Promising
12572,2011-12-01 09:20:00,2,912.42,9,4,2,3,9,Promising
12573,2011-04-26 15:52:00,1,160.54000000000002,227,1,1,1,3,Lost
12574,2011-01-28 09:20:00,1,182.45000000000002,316,1,1,1,3,Lost
12576,2011-11-04 10:11:00,5,1315.83,36,3,3,3,9,Loyal
12577,2011-11-04 13:24:00,3,653.85,35,3,3,2,8,Loyal
12578,2011-11-18 13:30:00,2,2402.51,21,3,2,4,9,Promising
12579,2011-09-22 17:15:00,1,386.42,78,2,1,2,5,Needs Attention
12580,2011-04-07 10:24:00,1,379.7,247,1,1,2,4,Lost
12581,2011-10-31 08:56:00,1,179.71,40,3,1,1,5,Promising
12582,2011-04-15 08:45:00,2,351.36,239,1,2,2,5,Needs Attention
12583,2011-12-07 08:07:00,15,6705.38,3,4,4,4,12,Champions
12584,2011-12-06 09:35:00,9,2254.15,4,4,4,4,12,Champions
12585,2011-04-19 13:39:00,2,1824.1,234,1,2,4,7,Needs Attention
12586,2011-11-22 16:24:00,1,196.94000000000003,17,4,1,1,6,Promising
12587,2011-12-02 12:47:00,1,104.0,8,4,1,1,6,Promising
12588,2011-10-31 15:01:00,1,174.89999999999998,39,3,1,1,5,Promising
12589,2011-11-11 10:19:00,2,574.68,29,3,2,2,7,Promising
12590,2011-05-12 14:46:00,1,9341.26,211,1,1,4,6,Lost
12591,2011-01-26 14:35:00,1,368.85,317,1,1,2,4,Lost
12592,2011-09-08 15:04:00,2,401.6,92,2,2,2,6,Needs Attention
12593,2011-08-23 12:43:00,3,382.09999999999997,109,2,3,2,7,At Risk
12594,2011-11-02 12:20:00,9,3208.2200000000003,38,3,4,4,11,Loyal
12596,2011-10-19 13:02:00,2,450.27,51,3,2,2,7,Promising
12597,2011-11-20 13:33:00,4,3195.22,19,3,3,4,10,Loyal
12598,2011-11-30 12:18:00,7,2807.08,10,4,4,4,12,Champions
12599,2011-11-10 13:34:00,7,888.58,29,3,4,3,10,Loyal
12600,2011-11-11 10:29:00,10,2311.04,29,3,4,4,11,Loyal
12601,2011-06-03 10:17:00,5,487.06,190,1,3,2,6,At Risk
12602,2011-10-12 11:22:00,1,153.12,59,2,1,1,4,Needs Attention
12603,2011-11-18 10:42:00,1,613.1999999999999,22,3,1,2,6,Promising
12604,2011-09-21 14:08:00,2,236.18,79,2,2,1,5,Needs Attention
12607,2011-10-10 16:06:00,1,1579.51,60,2,1,3,6,Needs Attention
12609,2011-09-22 16:34:00,3,964.85,78,2,3,3,8,At Risk
12610,2011-11-17 09:34:00,4,1747.54,23,3,3,4,10,Loyal
12611,2011-10-18 13:12:00,1,1193.32,52,2,1,3,6,Needs Attention
12612,2011-09-26 15:35:00,1,668.0400000000001,74,2,1,2,5,Needs Attention
12613,2011-10-13 14:59:00,4,3092.38,57,2,3,4,9,At Risk
12614,2011-03-07 10:22:00,1,315.6,278,1,1,2,4,Lost
12615,2011-12-07 15:02:00,4,2093.19,2,4,3,4,11,Loyal
12616,2011-09-05 15:17:00,2,641.3,95,2,2,2,6,Needs Attention
12617,2011-11-10 14:39:00,1,355.53,29,3,1,2,6,Promising
12618,2011-11-18 11:10:00,1,137.31,22,3,1,1,5,Promising
12619,2011-11-23 14:52:00,8,2945.56,16,4,4,4,12,Champions
12620,2011-11-25 10:20:00,3,1303.41,15,4,3,3,10,Loyal
12621,2011-12-08 11:25:00,20,12411.67,2,4,4,4,12,Champions
12622,2011-04-21 16:39:00,1,162.1,232,1,1,1,3,Lost
12623,2011-03-08 13:50:00,1,269.1,276,1,1,1,3,Lost
12624,2011-08-25 15:04:00,2,569.13,106,2,2,2,6,Needs Attention
12625,2011-05-12 09:54:00,2,2413.82,212,1,2,4,7,Needs Attention
12626,2011-11-16 16:06:00,9,5954.48,23,3,4,4,11,Loyal
12627,2011-11-29 12:07:00,6,4082.53,11,4,4,4,12,Champions
12628,2011-12-05 13:15:00,3,732.46,4,4,3,3,10,Loyal
12630,2011-11-30 10:48:00,2,1030.88,10,4,2,3,9,Promising
12631,2011-10-13 13:53:00,1,480.5,57,2,1,2,5,Needs Attention
12633,2011-10-12 11:40:00,4,1929.98,59,2,3,4,9,At Risk
12635,2011-09-11 11:04:00,2,1509.18,90,2,2,3,7,Needs Attention
12637,2011-10-03 13:46:00,8,5823.9,67,2,4,4,10,At Risk
12638,2011-11-06 13:11:00,1,511.69,33,3,1,2,6,Promising
12639,2011-04-15 12:48:00,1,366.1,239,1,1,2,4,Lost
12640,2011-11-16 11:52:00,3,994.58,24,3,3,3,9,Loyal
12641,2011-08-16 13:26:00,1,145.9,115,2,1,1,4,Needs Attention
12642,2011-11-14 15:03:00,3,905.26,25,3,3,3,9,Loyal
12643,2011-08-03 12:56:00,6,3041.64,128,2,4,4,10,At Risk
12644,2011-08-02 10:33:00,1,477.91,130,2,1,2,5,Needs Attention
12645,2011-11-06 12:38:00,4,1631.18,34,3,3,3,9,Loyal
12646,2011-12-05 10:14:00,2,1346.97,5,4,2,3,9,Promising
12647,2011-11-17 12:56:00,12,3146.82,22,3,4,4,11,Loyal
12648,2011-07-08 11:55:00,1,300.05,155,1,1,1,3,Lost
12649,2011-08-24 14:41:00,3,569.51,107,2,3,2,7,At Risk
12650,2011-12-06 16:34:00,1,242.44000000000003,3,4,1,1,6,Promising
12651,2011-01-09 12:46:00,1,114.0,335,1,1,1,3,Lost
12652,2011-01-12 15:00:00,1,793.98,331,1,1,3,5,Lost
12653,2011-07-14 10:41:00,2,2209.85,149,1,2,4,7,Needs Attention
12654,2011-11-29 10:10:00,5,529.98,11,4,3,2,9,Loyal
12656,2011-11-22 13:42:00,5,3619.17,17,4,3,4,11,Loyal
12657,2011-11-28 15:47:00,4,1427.18,11,4,3,3,10,Loyal
12658,2011-11-21 10:22:00,1,632.05,19,3,1,2,6,Promising
12659,2011-11-10 11:53:00,1,73.68,30,3,1,1,5,Promising
12660,2011-11-28 13:26:00,1,227.1,11,4,1,1,6,Promising
12662,2011-12-09 11:59:00,11,3543.78,1,4,4,4,12,Champions
12664,2011-12-01 17:07:00,9,4391.88,8,4,4,4,12,Champions
12665,2011-01-19 08:34:00,1,45.0,325,1,1,1,3,Lost
12667,2011-10-12 17:00:00,1,460.13,58,2,1,2,5,Needs Attention
12668,2011-11-28 10:56:00,4,3177.15,12,4,3,4,11,Loyal
12669,2011-07-12 09:54:00,2,1427.73,151,1,2,3,6,Needs Attention
12670,2011-11-29 15:23:00,5,2744.05,10,4,3,4,11,Loyal
12672,2011-01-14 09:20:00,1,225.89999999999998,330,1,1,1,3,Lost
12673,2011-12-04 13:55:00,2,574.52,5,4,2,2,8,Promising
12674,2011-11-01 12:12:00,4,1844.6,39,3,3,4,10,Loyal
12676,2011-11-15 12:25:00,6,1091.39,25,3,4,3,10,Loyal
12678,2011-10-28 13:04:00,10,16481.46,42,3,4,4,11,Loyal
12679,2011-10-12 12:30:00,4,951.02,59,2,3,3,8,At Risk
12680,2011-12-09 12:50:00,4,790.81,1,4,3,3,10,Loyal
12681,2011-11-25 11:33:00,22,12365.54,15,4,4,4,12,Champions
12682,2011-12-06 10:00:00,31,11028.22,4,4,4,4,12,Champions
12683,2011-12-05 16:28:00,14,7612.57,4,4,4,4,12,Champions
12684,2011-12-02 09:53:00,6,2073.63,8,4,4,4,12,Champions
12685,2011-11-11 13:46:00,6,2575.08,28,3,4,4,11,Loyal
12686,2010-12-03 09:51:00,1,71.14,372,1,1,1,3,Lost
12688,2011-08-18 08:49:00,1,4873.8099999999995,114,2,1,4,7,Needs Attention
12689,2011-11-14 08:31:00,2,1139.61,26,3,2,3,8,Promising
12690,2011-05-18 09:09:00,1,335.01,206,1,1,2,4,Lost
12691,2011-11-11 16:49:00,5,927.8,28,3,3,3,9,Loyal
12693,2011-08-04 17:51:00,4,711.91,127,2,3,3,8,At Risk
12694,2011-09-30 13:06:00,2,761.67,70,2,2,3,7,Needs Attention
12695,2011-12-02 13:22:00,4,582.1,7,4,3,2,9,Loyal
12697,2011-11-11 08:47:00,3,757.59,29,3,3,3,9,Loyal
12700,2011-12-02 10:47:00,4,4525.99,8,4,3,4,11,Loyal
12701,2011-09-21 10:47:00,2,725.71,80,2,2,3,7,Needs Attention
12702,2011-11-20 10:36:00,1,201.0,20,3,1,1,5,Promising
12703,2011-09-29 17:52:00,1,265.55,71,2,1,1,4,Needs Attention
12704,2011-12-02 13:15:00,8,1740.84,7,4,4,4,12,Champions
12705,2011-11-24 13:17:00,8,6382.29,15,4,4,4,12,Champions
12707,2011-02-21 08:38:00,1,603.42,292,1,1,2,4,Lost
12708,2011-11-10 09:52:00,10,2442.91,30,3,4,4,11,Loyal
12709,2011-11-24 15:38:00,15,9430.52,15,4,4,4,12,Champions
12710,2011-09-04 12:00:00,3,1023.02,97,2,3,3,8,At Risk
12712,2011-11-11 08:19:00,13,3928.13,29,3,4,4,11,Loyal
12713,2011-12-09 12:16:00,1,794.55,1,4,1,3,8,Promising
12714,2011-11-30 15:43:00,5,4294.86,9,4,3,4,11,Loyal
12715,2011-08-25 15:22:00,1,273.86,106,2,1,1,4,Needs Attention
12716,2011-12-06 08:55:00,2,963.49,4,4,2,3,9,Promising
12717,2011-07-11 14:47:00,2,830.98,151,1,2,3,6,Needs Attention
12718,2011-09-29 16:38:00,1,202.25,71,2,1,1,4,Needs Attention
12719,2011-12-04 13:45:00,2,572.95,5,4,2,2,8,Promising
12720,2011-12-07 08:03:00,25,5115.7300000000005,3,4,4,4,12,Champions
12721,2011-11-08 12:13:00,6,2386.13,32,3,4,4,11,Loyal
12722,2011-09-15 14:50:00,4,979.63,85,2,3,3,8,At Risk
12723,2011-12-06 10:19:00,5,707.07,4,4,4,3,11,Loyal
12724,2011-12-04 16:02:00,4,923.41,5,4,3,3,10,Loyal
12725,2010-12-03 15:45:00,1,371.8,371,1,1,2,4,Lost
12726,2011-11-11 13:35:00,7,2411.1,28,3,4,4,11,Loyal
12727,2011-11-29 11:46:00,7,3440.7,11,4,4,4,12,Champions
12728,2011-09-29 15:31:00,4,728.33,71,2,3,3,8,At Risk
12729,2011-08-18 11:40:00,1,417.01,114,2,1,2,5,Needs Attention
12731,2011-11-16 11:59:00,12,18751.91,24,3,4,4,11,Loyal
12732,2011-06-13 11:33:00,1,218.26000000000002,180,1,1,1,3,Lost
12733,2011-04-19 16:19:00,1,383.95,234,1,1,2,4,Lost
12734,2010-12-22 12:47:00,1,110.39999999999999,353,1,1,1,3,Lost
12735,2011-01-28 13:37:00,2,689.5699999999999,315,1,2,3,6,Needs Attention
12736,2011-01-11 07:57:00,1,144.0,333,1,1,1,3,Lost
12738,2010-12-02 18:27:00,1,137.35,372,1,1,1,3,Lost
12739,2011-09-01 17:45:00,1,975.54,99,2,1,3,6,Needs Attention
12740,2011-10-07 10:44:00,1,427.6,64,2,1,2,5,Needs Attention
12743,2011-07-28 16:21:00,2,546.43,134,2,2,2,6,Needs Attention
12744,2011-10-14 14:54:00,4,9120.39,56,2,3,4,9,At Risk
12747,2011-12-07 14:34:00,11,4196.01,2,4,4,4,12,Champions
12748,2011-12-09 12:20:00,206,32317.32,1,4,4,4,12,Champions
12749,2011-12-06 09:56:00,5,4090.88,4,4,4,4,12,Champions
12750,2011-08-03 09:13:00,1,275.88,129,2,1,1,4,Needs Attention
12752,2011-09-19 13:32:00,1,4366.78,81,2,1,4,7,Needs Attention
12753,2011-11-17 10:52:00,6,21429.39,23,3,4,4,11,Loyal
12754,2011-04-18 09:00:00,3,3010.74,236,1,3,4,8,At Risk
12755,2011-03-04 12:42:00,2,3811.95,281,1,2,4,7,Needs Attention
12756,2011-09-14 09:31:00,1,112.07999999999998,87,2,1,1,4,Needs Attention
12757,2011-11-24 12:30:00,9,4199.2,16,4,4,4,12,Champions
12758,2011-08-15 10:22:00,2,2791.59,117,2,2,4,8,Needs Attention
12759,2011-10-18 14:49:00,3,1411.44,52,2,3,3,8,At Risk
12762,2011-12-02 10:23:00,2,1702.52,8,4,2,4,10,Promising
12763,2011-07-24 14:12:00,2,494.08,138,2,2,2,6,Needs Attention
12764,2011-01-27 10:19:00,1,1693.88,317,1,1,4,6,Lost
12766,2011-12-06 08:46:00,7,6457.63,4,4,4,4,12,Champions
12769,2011-04-15 10:25:00,1,1143.6,239,1,1,3,5,Lost
12770,2011-05-13 09:33:00,1,1351.45,211,1,1,3,5,Lost
12772,2011-10-11 09:19:00,1,752.47,60,2,1,3,6,Needs Attention
12775,2011-11-22 16:33:00,5,1281.04,17,4,4,3,11,Loyal
12778,2011-11-20 11:30:00,6,693.23,20,3,4,3,10,Loyal
12779,2011-11-02 11:43:00,8,3981.36,38,3,4,4,11,Loyal
12781,2011-10-07 10:37:00,2,786.74,64,2,2,3,7,Needs Attention
12782,2011-12-05 09:16:00,5,1938.92,5,4,4,4,12,Champions
12783,2011-12-07 15:56:00,4,1295.87,2,4,3,3,10,Loyal
12784,2011-11-24 12:53:00,1,518.42,15,4,1,2,7,Promising
12785,2010-12-10 13:48:00,1,255.95,364,1,1,1,3,Lost
12787,2011-11-30 08:44:00,3,418.66,10,4,3,2,9,Loyal
12789,2011-10-05 13:34:00,1,76.85,65,2,1,1,4,Needs Attention
12790,2011-05-31 14:14:00,1,294.92,192,1,1,1,3,Lost
12791,2010-12-01 11:27:00,1,177.60000000000002,374,1,1,1,3,Lost
12792,2011-03-28 11:36:00,1,344.53999999999996,257,1,1,2,4,Lost
12793,2011-01-09 12:12:00,2,461.48,335,1,2,2,5,Needs Attention
12794,2011-10-17 14:54:00,2,860.41,53,2,2,3,7,Needs Attention
12795,2011-11-21 10:27:00,1,318.48,19,3,1,2,6,Promising
12797,2010-12-09 10:55:00,1,226.03,366,1,1,1,3,Lost
12798,2011-11-29 15:52:00,3,6977.04,10,4,3,4,11,Loyal
12802,2011-06-06 09:36:00,1,397.58,187,1,1,2,4,Lost
12808,2011-11-03 10:05:00,3,455.65000000000003,37,3,3,2,8,Loyal
12809,2011-06-15 10:51:00,1,405.31,178,1,1,2,4,Lost
12811,2011-03-23 10:55:00,2,458.85,262,1,2,2,5,Needs Attention
12812,2011-10-26 09:54:00,1,229.64000000000001,45,3,1,1,5,Promising
12814,2011-08-30 12:11:00,1,85.92,102,2,1,1,4,Needs Attention
12815,2011-07-15 10:21:00,2,863.46,148,1,2,3,6,Needs Attention
12816,2011-09-05 12:41:00,2,452.20000000000005,96,2,2,2,6,Needs Attention
12817,2011-03-03 16:28:00,1,126.03999999999999,281,1,1,1,3,Lost
12818,2011-03-23 12:06:00,1,1182.0800000000002,262,1,1,3,5,Lost
12820,2011-12-06 15:12:00,4,942.34,3,4,3,3,10,Loyal
12821,2011-05-09 15:51:00,1,92.72,214,1,1,1,3,Lost
12822,2011-09-30 10:04:00,2,948.88,71,2,2,3,7,Needs Attention
12823,2011-09-26 07:35:00,5,1759.5,75,2,4,4,10,At Risk
12824,2011-10-11 12:49:00,1,397.12,60,2,1,2,5,Needs Attention
12826,2011-12-07 10:25:00,7,1474.72,3,4,4,3,11,Loyal
12827,2011-12-04 12:17:00,3,430.15000000000003,6,4,3,2,9,Loyal
12828,2011-12-07 08:45:00,6,1018.71,3,4,4,3,11,Loyal
12829,2011-01-07 11:13:00,2,293.0,337,1,2,1,4,Needs Attention
12830,2011-11-02 11:54:00,6,6814.64,38,3,4,4,11,Loyal
12831,2011-03-22 13:02:00,1,215.05,262,1,1,1,3,Lost
12832,2011-11-07 13:30:00,2,383.03,32,3,2,2,7,Promising
12833,2011-07-17 13:46:00,1,417.38,145,1,1,2,4,Lost
12834,2011-03-02 09:49:00,1,312.38,283,1,1,2,4,Lost
12836,2011-10-11 15:10:00,4,2612.86,59,2,3,4,9,At Risk
12837,2011-06-19 16:07:00,1,134.1,173,1,1,1,3,Lost
12838,2011-11-06 12:20:00,2,683.13,34,3,2,3,8,Promising
12839,2011-12-07 12:33:00,14,5591.42,3,4,4,4,12,Champions
12840,2011-07-19 09:29:00,4,2726.77,144,1,3,4,8,At Risk
12841,2011-12-05 11:13:00,25,4022.35,5,4,4,4,12,Champions
12842,2011-09-30 15:33:00,2,1118.99,70,2,2,3,7,Needs Attention
12843,2011-10-05 12:09:00,8,1702.26,66,2,4,4,10,At Risk
12844,2011-11-10 13:31:00,2,325.96000000000004,29,3,2,2,7,Promising
12845,2011-03-17 13:34:00,4,354.09,267,1,3,2,6,At Risk
12847,2011-11-17 13:16:00,1,871.54,22,3,1,3,7,Promising
12849,2011-11-08 13:41:00,2,1033.25,31,3,2,3,8,Promising
12851,2011-09-04 12:41:00,1,135.18,97,2,1,1,4,Needs Attention
12852,2011-02-18 08:47:00,1,311.55,295,1,1,2,4,Lost
12853,2011-07-28 11:29:00,6,1957.1000000000001,135,2,4,4,10,At Risk
12854,2011-09-22 12:15:00,3,1324.5,79,2,3,3,8,At Risk
12855,2010-12-02 09:37:00,1,38.1,373,1,1,1,3,Lost
12856,2011-12-02 10:52:00,6,2179.93,8,4,4,4,12,Champions
12857,2011-05-13 10:20:00,2,1106.4,211,1,2,3,6,Needs Attention
12863,2011-10-18 14:15:00,1,521.2,52,2,1,2,5,Needs Attention
12864,2011-07-24 13:03:00,1,147.12,138,2,1,1,4,Needs Attention
12865,2011-11-13 14:31:00,2,1568.23,26,3,2,3,8,Promising
12866,2011-03-01 14:11:00,1,499.12,283,1,1,2,4,Lost
12867,2011-11-13 15:30:00,7,4036.82,26,3,4,4,11,Loyal
12868,2011-06-07 10:42:00,6,1607.0600000000002,186,1,4,3,8,At Risk
12871,2011-09-16 15:07:00,2,380.64,84,2,2,2,6,Needs Attention
12872,2011-01-17 10:52:00,2,599.97,327,1,2,2,5,Needs Attention
12873,2011-03-02 14:58:00,1,374.0,282,1,1,2,4,Lost
12875,2011-07-19 15:30:00,2,343.2300000000001,143,2,2,2,6,Needs Attention
12876,2011-10-13 12:26:00,2,2053.02,58,2,2,4,8,Needs Attention
12877,2011-12-06 10:30:00,12,1535.77,4,4,4,3,11,Loyal
12878,2011-04-17 13:07:00,2,854.99,236,1,2,3,6,Needs Attention
12879,2011-10-26 12:24:00,3,573.22,45,3,3,2,8,Loyal
12881,2011-03-09 11:44:00,1,298.0,276,1,1,1,3,Lost
12882,2011-11-30 16:18:00,2,1463.04,9,4,2,3,9,Promising
12883,2011-11-15 09:32:00,4,703.47,25,3,3,3,9,Loyal
12884,2011-09-12 13:10:00,1,309.05,88,2,1,2,5,Needs Attention
12885,2011-10-07 13:40:00,3,1175.22,63,2,3,3,8,At Risk
12886,2011-10-03 10:09:00,2,1378.4,68,2,2,3,7,Needs Attention
12888,2011-05-09 16:02:00,2,354.12,214,1,2,2,5,Needs Attention
12890,2011-11-15 17:26:00,1,380.46999999999997,24,3,1,2,6,Promising
12891,2011-06-07 12:31:00,3,331.0,186,1,3,2,6,At Risk
12893,2011-11-09 12:34:00,1,188.14,31,3,1,1,5,Promising
12895,2011-10-28 13:51:00,2,372.8,42,3,2,2,7,Promising
12897,2011-05-19 12:13:00,2,216.5,205,1,2,1,4,Needs Attention
12901,2011-12-01 10:07:00,28,17654.54,9,4,4,4,12,Champions
12902,2011-03-20 12:06:00,1,138.68,265,1,1,1,3,Lost
12904,2011-11-21 14:34:00,2,509.58,18,4,2,2,8,Promising
12906,2011-11-28 09:55:00,5,2919.81,12,4,4,4,12,Champions
12908,2011-06-16 15:39:00,2,750.0,176,1,2,3,6,Needs Attention
12909,2011-10-31 12:43:00,5,2178.67,40,3,4,4,11,Loyal
12910,2011-11-16 14:28:00,8,3075.04,23,3,4,4,11,Loyal
12912,2011-12-07 08:55:00,5,1662.3,3,4,4,4,12,Champions
12913,2011-12-05 12:11:00,5,2483.63,5,4,4,4,12,Champions
12915,2011-07-14 11:34:00,2,363.65,149,1,2,2,5,Needs Attention
12916,2011-07-24 10:35:00,4,3006.15,139,2,3,4,9,At Risk
12917,2011-08-03 16:42:00,1,594.0,128,2,1,2,5,Needs Attention
12919,2011-12-01 13:47:00,6,1335.19,8,4,4,3,11,Loyal
12920,2011-11-22 15:05:00,1,164.23,17,4,1,1,6,Promising
12921,2011-11-30 16:22:00,37,16587.09,9,4,4,4,12,Champions
12922,2011-07-01 15:35:00,1,405.38,161,1,1,2,4,Lost
12923,2011-10-06 16:20:00,1,175.72,64,2,1,1,4,Needs Attention
12924,2011-09-12 13:55:00,4,925.75,88,2,3,3,8,At Risk
12925,2011-12-05 11:11:00,2,694.05,5,4,2,3,9,Promising
12928,2011-11-04 14:24:00,5,2062.7000000000003,35,3,4,4,11,Loyal
12929,2011-02-01 12:08:00,1,117.85,312,1,1,1,3,Lost
12930,2011-09-22 15:18:00,2,415.8,78,2,2,2,6,Needs Attention
12931,2011-11-18 12:39:00,15,42055.96,22,3,4,4,11,Loyal
12933,2011-11-15 16:38:00,3,607.53,24,3,3,2,8,Loyal
12935,2011-12-07 17:25:00,7,2160.7,2,4,4,4,12,Champions
12936,2011-11-22 17:32:00,4,1063.9,17,4,3,3,10,Loyal
12937,2011-11-24 15:05:00,4,1504.27,15,4,3,3,10,Loyal
12938,2011-11-14 11:21:00,1,114.14,26,3,1,1,5,Promising
12939,2011-10-06 14:33:00,8,11581.8,64,2,4,4,10,At Risk
12940,2011-10-16 12:09:00,2,913.54,55,2,2,3,7,Needs Attention
12942,2011-07-31 14:39:00,3,683.9,131,2,3,3,8,At Risk
12944,2011-11-04 11:04:00,2,604.51,36,3,2,2,7,Promising
12945,2011-02-24 14:15:00,1,462.95,288,1,1,2,4,Lost
12947,2011-07-19 10:06:00,6,1603.99,144,1,4,3,8,At Risk
12948,2011-11-23 17:10:00,7,2064.95,16,4,4,4,12,Champions
12949,2011-11-09 11:25:00,8,4167.22,31,3,4,4,11,Loyal
12950,2011-12-07 13:17:00,3,1843.0,2,4,3,4,11,Loyal
12951,2011-12-01 12:14:00,6,1064.07,9,4,4,3,11,Loyal
12952,2011-12-04 10:35:00,4,1387.79,6,4,3,3,10,Loyal
12953,2011-11-30 09:24:00,1,329.85,10,4,1,2,7,Promising
12955,2011-12-08 16:29:00,11,4757.16,1,4,4,4,12,Champions
12956,2011-02-06 16:08:00,1,108.07,306,1,1,1,3,Lost
12957,2011-11-30 09:53:00,8,4017.54,10,4,4,4,12,Champions
12962,2011-12-02 15:55:00,2,266.39,7,4,2,1,7,Promising
12963,2011-12-01 12:55:00,8,1856.63,8,4,4,4,12,Champions
12965,2011-09-11 15:31:00,1,771.91,89,2,1,3,6,Needs Attention
12966,2011-11-30 12:38:00,1,160.18,10,4,1,1,6,Promising
12967,2010-12-16 19:10:00,2,1660.9,358,1,2,4,7,Needs Attention
12968,2011-08-19 15:44:00,1,135.95,112,2,1,1,4,Needs Attention
12970,2011-12-02 14:30:00,4,452.24,7,4,3,2,9,Loyal
12971,2011-12-06 12:20:00,86,11189.91,4,4,4,4,12,Champions
12974,2011-05-26 09:33:00,1,144.8,198,1,1,1,3,Lost
12976,2011-05-12 09:55:00,1,738.6,212,1,1,3,5,Lost
12977,2011-07-06 16:40:00,1,39.239999999999995,156,1,1,1,3,Lost
12980,2011-07-05 09:34:00,9,7374.900000000001,158,1,4,4,9,At Risk
12981,2011-11-10 12:00:00,2,372.21999999999997,30,3,2,2,7,Promising
12982,2011-04-11 11:51:00,1,390.54,243,1,1,2,4,Lost
12984,2011-11-21 12:37:00,1,97.5,19,3,1,1,5,Promising
12985,2011-12-09 10:46:00,2,1239.38,1,4,2,3,9,Promising
12987,2011-09-27 12:03:00,2,558.7,74,2,2,2,6,Needs Attention
12988,2011-02-20 14:31:00,1,535.32,292,1,1,2,4,Lost
12989,2011-12-06 15:28:00,15,6924.110000000001,3,4,4,4,12,Champions
12990,2011-11-08 13:01:00,3,409.5,31,3,3,2,8,Loyal
12991,2011-11-16 15:34:00,2,503.76,23,3,2,2,7,Promising
12993,2011-11-16 15:49:00,4,414.76,23,3,3,2,8,Loyal
12994,2011-12-05 15:43:00,3,974.4200000000001,4,4,3,3,10,Loyal
12995,2011-09-15 15:44:00,1,211.32,85,2,1,1,4,Needs Attention
12997,2011-11-17 15:47:00,4,1226.89,22,3,3,3,9,Loyal
12999,2011-05-27 13:24:00,3,455.88,196,1,3,2,6,At Risk
13000,2011-08-25 10:43:00,3,534.85,107,2,3,2,7,At Risk
13001,2011-12-05 14:51:00,13,9818.82,4,4,4,4,12,Champions
13002,2011-01-25 15:18:00,1,120.94999999999999,318,1,1,1,3,Lost
13003,2011-08-26 10:50:00,3,149.05,106,2,3,1,6,At Risk
13004,2011-11-28 11:27:00,18,5655.91,12,4,4,4,12,Champions
13005,2011-06-19 10:53:00,2,513.7,174,1,2,2,5,Needs Attention
13006,2011-10-14 13:49:00,1,81.57,56,2,1,1,4,Needs Attention
13008,2011-01-20 14:24:00,1,229.46999999999997,323,1,1,1,3,Lost
13011,2010-12-02 17:22:00,1,50.550000000000004,372,1,1,1,3,Lost
13012,2011-11-30 13:05:00,8,1661.8400000000001,9,4,4,4,12,Champions
13013,2011-12-08 15:01:00,13,4810.9400000000005,1,4,4,4,12,Champions
13014,2011-11-29 12:27:00,10,3466.2799999999997,11,4,4,4,12,Champions
13015,2011-10-17 13:19:00,5,3346.28,53,2,4,4,10,At Risk
13016,2011-09-27 14:08:00,3,789.89,73,2,3,3,8,At Risk
13017,2011-12-02 15:53:00,1,204.0,7,4,1,1,6,Promising
13018,2011-11-23 13:28:00,28,7277.7,16,4,4,4,12,Champions
13021,2011-12-05 16:37:00,9,2616.38,4,4,4,4,12,Champions
13023,2011-10-06 16:27:00,2,599.9,64,2,2,2,6,Needs Attention
13026,2011-12-08 16:58:00,5,975.36,1,4,4,3,11,Loyal
13027,2011-08-18 09:39:00,6,6912.0,114,2,4,4,10,At Risk
13028,2011-11-17 11:10:00,2,661.3199999999999,23,3,2,2,7,Promising
13029,2011-11-09 09:13:00,3,1247.5,31,3,3,3,9,Loyal
13030,2011-11-28 14:30:00,2,799.48,11,4,2,3,9,Promising
13032,2011-10-18 15:54:00,2,1010.18,52,2,2,3,7,Needs Attention
13033,2010-12-17 14:23:00,1,190.55,357,1,1,1,3,Lost
13034,2011-10-16 12:21:00,2,642.77,55,2,2,2,6,Needs Attention
13035,2011-09-27 08:57:00,2,921.88,74,2,2,3,7,Needs Attention
13037,2011-07-24 15:46:00,3,881.07,138,2,3,3,8,At Risk
13038,2011-09-20 14:37:00,3,908.46,80,2,3,3,8,At Risk
13040,2011-12-01 10:38:00,2,676.99,9,4,2,3,9,Promising
13043,2011-03-11 14:52:00,1,516.42,273,1,1,2,4,Lost
13044,2011-02-21 15:20:00,1,560.47,291,1,1,2,4,Lost
13045,2011-09-01 15:04:00,1,305.28000000000003,99,2,1,1,4,Needs Attention
13046,2011-11-09 08:36:00,2,629.31,31,3,2,2,7,Promising
13047,2011-10-14 11:15:00,9,3232.59,57,2,4,4,10,At Risk
13048,2011-11-25 13:23:00,4,1835.91,14,4,3,4,11,Loyal
13049,2011-10-06 15:31:00,2,656.6800000000001,64,2,2,2,6,Needs Attention
13050,2011-11-25 09:18:00,17,5833.11,15,4,4,4,12,Champions
13052,2011-05-11 14:12:00,1,348.15000000000003,212,1,1,2,4,Lost
13055,2011-09-22 14:26:00,3,1214.41,78,2,3,3,8,At Risk
13058,2011-11-15 12:43:00,3,271.40000000000003,25,3,3,1,7,Loyal
13059,2011-04-04 10:40:00,1,183.4,250,1,1,1,3,Lost
13060,2011-03-31 11:37:00,1,307.53,254,1,1,2,4,Lost
13061,2011-09-28 16:04:00,1,248.61,72,2,1,1,4,Needs Attention
13062,2011-06-01 15:12:00,1,346.98,191,1,1,2,4,Lost
13064,2011-11-27 12:31:00,4,1119.49,13,4,3,3,10,Loyal
13065,2010-12-01 16:52:00,1,205.86,373,1,1,1,3,Lost
13066,2011-11-15 12:57:00,2,470.8,24,3,2,2,7,Promising
13067,2011-09-18 13:38:00,1,115.46000000000001,82,2,1,1,4,Needs Attention
13068,2011-11-29 15:00:00,2,344.0,10,4,2,2,8,Promising
13069,2011-12-09 08:39:00,24,4436.12,1,4,4,4,12,Champions
13070,2011-05-31 13:45:00,1,228.8,192,1,1,1,3,Lost
13072,2011-03-18 08:12:00,1,177.15,267,1,1,1,3,Lost
13075,2011-08-02 10:19:00,1,919.61,130,2,1,3,6,Needs Attention
13077,2011-12-08 19:24:00,4,729.27,1,4,3,3,10,Loyal
13078,2011-12-06 15:36:00,26,12627.94,3,4,4,4,12,Champions
13079,2011-12-05 16:53:00,5,220.10000000000002,4,4,4,1,9,Loyal
13080,2011-06-13 14:59:00,1,58.08,179,1,1,1,3,Lost
13081,2011-11-28 10:54:00,11,28337.38,12,4,4,4,12,Champions
13082,2011-08-05 16:16:00,9,3613.63,126,2,4,4,10,At Risk
13083,2011-12-05 15:01:00,2,303.75,4,4,2,1,7,Promising
13085,2011-07-05 12:11:00,2,416.08000000000004,158,1,2,2,5,Needs Attention
13089,2011-12-07 09:02:00,97,58825.83,3,4,4,4,12,Champions
13090,2011-12-01 12:39:00,13,8895.82,9,4,4,4,12,Champions
13091,2011-11-11 15:54:00,1,345.82,28,3,1,2,6,Promising
13092,2011-09-30 11:18:00,5,477.83,71,2,4,2,8,At Risk
13093,2011-03-09 12:14:00,8,7832.47,276,1,4,4,9,At Risk
13094,2011-11-18 14:07:00,12,1927.3200000000002,21,3,4,4,11,Loyal
13095,2011-09-30 12:03:00,1,74.39999999999999,71,2,1,1,4,Needs Attention
13097,2011-11-07 10:43:00,10,6010.42,33,3,4,4,11,Loyal
13098,2011-12-08 14:14:00,28,28882.44,1,4,4,4,12,Champions
13099,2011-09-01 17:40:00,1,207.35999999999999,99,2,1,1,4,Needs Attention
13101,2011-04-19 14:37:00,1,101.19,234,1,1,1,3,Lost
13102,2011-12-08 12:52:00,24,6424.09,1,4,4,4,12,Champions
13103,2011-10-31 09:38:00,1,243.94,40,3,1,1,5,Promising
13104,2011-12-06 13:10:00,6,1098.48,3,4,4,3,11,Loyal
13106,2011-07-29 15:12:00,1,76.5,133,2,1,1,4,Needs Attention
13107,2011-10-26 14:52:00,4,1531.6200000000001,44,3,3,3,9,Loyal
13108,2010-12-02 10:35:00,1,350.06,373,1,1,2,4,Lost
13109,2011-10-11 10:16:00,2,786.54,60,2,2,3,7,Needs Attention
13110,2011-11-08 14:30:00,7,1488.67,31,3,4,3,10,Loyal
13113,2011-12-09 12:49:00,24,12245.960000000001,1,4,4,4,12,Champions
13115,2011-11-28 12:38:00,4,2294.78,12,4,3,4,11,Loyal
13116,2011-07-24 14:33:00,1,501.14,138,2,1,2,5,Needs Attention
13117,2011-11-18 12:02:00,8,984.91,22,3,4,3,10,Loyal
13118,2011-11-20 12:46:00,5,1197.81,20,3,4,3,10,Loyal
13120,2011-04-15 10:19:00,1,30.599999999999998,239,1,1,1,3,Lost
13121,2011-03-15 16:47:00,1,283.73,269,1,1,1,3,Lost
13122,2011-09-06 15:53:00,2,922.39,94,2,2,3,7,Needs Attention
13124,2011-09-11 12:45:00,3,3866.33,90,2,3,4,9,At Risk
13126,2011-12-05 10:00:00,8,2099.64,5,4,4,4,12,Champions
13127,2011-09-23 10:26:00,1,259.17,78,2,1,1,4,Needs Attention
13130,2011-09-06 15:30:00,1,64.0,94,2,1,1,4,Needs Attention
13131,2011-11-16 13:21:00,3,1073.3,23,3,3,3,9,Loyal
13132,2011-03-23 12:44:00,1,77.3,262,1,1,1,3,Lost
13133,2011-03-11 10:31:00,2,109.8,274,1,2,1,4,Needs Attention
13134,2011-09-15 10:35:00,4,1793.58,86,2,3,4,9,At Risk
13135,2011-05-27 10:52:00,1,3096.0,197,1,1,4,6,Lost
13136,2011-10-14 13:41:00,5,2607.61,56,2,4,4,10,At Risk
13137,2011-11-29 12:09:00,8,3650.41,11,4,4,4,12,Champions
13138,2011-11-17 16:51:00,6,962.39,22,3,4,3,10,Loyal
13139,2011-11-23 13:54:00,7,5064.94,16,4,4,4,12,Champions
13140,2011-08-23 15:33:00,3,423.72,108,2,3,2,7,At Risk
13141,2011-09-16 09:54:00,5,2388.75,85,2,4,4,10,At Risk
13142,2011-11-20 16:07:00,1,307.09,19,3,1,2,6,Promising
13144,2011-01-11 11:15:00,1,110.95,333,1,1,1,3,Lost
13145,2011-10-31 12:45:00,4,618.52,40,3,3,2,8,Loyal
13146,2011-11-13 15:29:00,1,228.91,26,3,1,1,5,Promising
13147,2011-11-29 13:59:00,4,712.8000000000001,10,4,3,3,10,Loyal
13148,2011-11-10 15:23:00,12,3707.12,29,3,4,4,11,Loyal
13149,2011-11-25 13:09:00,4,1676.06,14,4,3,4,11,Loyal
13151,2011-02-17 12:29:00,1,1257.8700000000001,296,1,1,3,5,Lost
13153,2011-12-04 12:14:00,1,486.22,6,4,1,2,7,Promising
13155,2011-11-06 15:41:00,4,971.76,33,3,3,3,9,Loyal
13157,2011-10-21 13:50:00,4,1741.22,49,3,3,4,10,Loyal
13158,2011-09-06 11:58:00,4,1201.06,95,2,3,3,8,At Risk
13159,2011-12-01 11:20:00,4,1437.85,9,4,3,3,10,Loyal
13160,2011-11-17 13:07:00,1,91.8,22,3,1,1,5,Promising
13161,2011-01-30 14:03:00,1,112.75,313,1,1,1,3,Lost
13162,2011-08-09 15:59:00,4,1688.29,122,2,3,4,9,At Risk
13165,2011-10-24 15:05:00,2,1021.48,46,3,2,3,8,Promising
13166,2011-03-01 15:16:00,1,417.2,283,1,1,2,4,Lost
13167,2011-11-21 12:24:00,4,779.33,19,3,3,3,9,Loyal
13168,2011-11-03 12:56:00,4,1319.19,36,3,3,3,9,Loyal
13169,2011-10-07 12:11:00,2,712.88,64,2,2,3,7,Needs Attention
13170,2011-11-13 12:19:00,1,116.00999999999999,27,3,1,1,5,Promising
13171,2011-11-18 10:27:00,3,468.41,22,3,3,2,8,Loyal
13173,2011-12-05 15:51:00,2,353.65,4,4,2,2,8,Promising
13174,2011-11-23 14:35:00,3,2813.03,16,4,3,4,11,Loyal
13176,2011-10-24 15:43:00,1,492.84,46,3,1,2,6,Promising
13177,2011-10-06 09:56:00,1,282.45,65,2,1,1,4,Needs Attention
13178,2011-11-13 16:14:00,11,5725.47,26,3,4,4,11,Loyal
13182,2011-10-25 13:46:00,1,121.18,45,3,1,1,5,Promising
13183,2011-12-02 10:30:00,9,3957.78,8,4,4,4,12,Champions
13184,2011-11-25 12:02:00,10,1700.29,15,4,4,4,12,Champions
13185,2011-03-17 11:56:00,1,71.4,268,1,1,1,3,Lost
13186,2011-10-31 11:40:00,3,1575.89,40,3,3,3,9,Loyal
13187,2011-01-06 18:57:00,1,236.02,337,1,1,1,3,Lost
13188,2011-11-28 15:28:00,1,114.60000000000001,11,4,1,1,6,Promising
13189,2011-11-21 10:39:00,2,260.68,19,3,2,1,6,Promising
13192,2011-09-05 14:13:00,2,911.94,95,2,2,3,7,Needs Attention
13193,2011-10-09 14:30:00,1,117.88,61,2,1,1,4,Needs Attention
13194,2011-07-27 09:01:00,1,60.7,136,2,1,1,4,Needs Attention
13196,2011-11-28 13:54:00,4,1797.78,11,4,3,4,11,Loyal
13198,2011-11-29 15:17:00,6,3401.2400000000002,10,4,4,4,12,Champions
13199,2011-12-06 12:30:00,37,9802.12,4,4,4,4,12,Champions
13200,2011-11-20 15:35:00,4,870.09,19,3,3,3,9,Loyal
13203,2011-11-30 10:45:00,4,869.46,10,4,3,3,10,Loyal
13207,2011-11-24 14:52:00,2,250.26000000000002,15,4,2,1,7,Promising
13208,2011-10-11 16:25:00,5,1199.42,59,2,4,3,9,At Risk
13209,2011-11-09 13:54:00,8,5891.61,30,3,4,4,11,Loyal
13210,2011-09-07 08:18:00,1,353.48,94,2,1,2,5,Needs Attention
13211,2011-11-29 14:43:00,3,1197.42,10,4,3,3,10,Loyal
13212,2011-11-20 12:40:00,3,788.08,20,3,3,3,9,Loyal
13213,2011-10-14 11:42:00,5,1520.58,57,2,4,3,9,At Risk
13216,2011-03-17 12:18:00,1,333.74,268,1,1,2,4,Lost
13217,2011-08-09 15:32:00,3,533.98,122,2,3,2,7,At Risk
13218,2011-08-04 16:59:00,1,62.63999999999999,127,2,1,1,4,Needs Attention
13220,2011-09-22 13:38:00,4,819.2900000000001,78,2,3,3,8,At Risk
13221,2011-04-13 16:58:00,2,844.86,240,1,2,3,6,Needs Attention
13223,2011-05-23 13:03:00,2,163.20000000000002,200,1,2,1,4,Needs Attention
13224,2011-10-10 14:55:00,2,2152.95,60,2,2,4,8,Needs Attention
13225,2011-12-06 13:29:00,7,6463.84,3,4,4,4,12,Champions
13226,2011-03-11 14:35:00,1,108.21000000000001,273,1,1,1,3,Lost
13227,2011-05-22 11:47:00,1,257.7,202,1,1,1,3,Lost
13228,2011-09-19 14:28:00,1,358.0,81,2,1,2,5,Needs Attention
13229,2011-04-28 12:07:00,1,160.95,226,1,1,1,3,Lost
13230,2011-12-05 16:03:00,14,2806.97,4,4,4,4,12,Champions
13232,2011-11-27 10:39:00,7,1357.0,13,4,4,3,11,Loyal
13233,2011-09-26 13:25:00,2,605.12,74,2,2,2,6,Needs Attention
13235,2011-05-11 17:13:00,1,1031.07,212,1,1,3,5,Lost
13236,2011-11-15 12:50:00,2,744.85,25,3,2,3,8,Promising
13238,2011-11-22 15:37:00,4,700.73,17,4,3,3,10,Loyal
13239,2011-03-23 10:25:00,1,329.56,262,1,1,2,4,Lost
13240,2011-09-04 14:08:00,4,648.7,96,2,3,2,7,At Risk
13242,2011-08-19 12:53:00,3,270.40000000000003,112,2,3,1,6,At Risk
13243,2011-05-20 13:14:00,1,600.07,203,1,1,2,4,Lost
13244,2011-09-08 11:46:00,1,121.74000000000001,93,2,1,1,4,Needs Attention
13245,2011-10-20 11:40:00,1,430.5,51,3,1,2,6,Promising
13246,2011-11-21 16:50:00,6,1987.3,18,4,4,4,12,Champions
13247,2011-11-22 10:59:00,4,501.12,18,4,3,2,9,Loyal
13248,2011-08-07 12:40:00,2,465.68,125,2,2,2,6,Needs Attention
13249,2011-09-08 13:26:00,3,711.41,92,2,3,3,8,At Risk
13253,2011-07-06 10:09:00,2,1030.4,157,1,2,3,6,Needs Attention
13255,2011-11-30 13:14:00,2,399.51,9,4,2,2,8,Promising
13258,2011-11-28 09:31:00,3,698.58,12,4,3,3,10,Loyal
13259,2011-10-09 10:48:00,1,292.32,62,2,1,1,4,Needs Attention
13260,2011-10-09 13:21:00,1,557.62,61,2,1,2,5,Needs Attention
13261,2011-03-16 12:22:00,2,944.1,269,1,2,3,6,Needs Attention
13262,2011-03-21 15:06:00,1,200.29,263,1,1,1,3,Lost
13263,2011-12-08 13:59:00,34,7428.85,1,4,4,4,12,Champions
13265,2011-10-17 15:02:00,5,2107.66,53,2,4,4,10,At Risk
13266,2011-11-28 14:39:00,12,3834.2599999999998,11,4,4,4,12,Champions
13267,2011-12-07 11:12:00,19,4521.49,3,4,4,4,12,Champions
13268,2011-11-22 11:34:00,10,3192.65,18,4,4,4,12,Champions
13269,2011-12-08 14:53:00,15,5346.2300000000005,1,4,4,4,12,Champions
13270,2010-12-08 14:53:00,1,590.0,366,1,1,2,4,Lost
13271,2011-11-02 14:31:00,1,217.38,37,3,1,1,5,Promising
13272,2011-11-08 14:00:00,2,276.56,31,3,2,1,6,Promising
13273,2011-08-18 14:02:00,1,138.98,113,2,1,1,4,Needs Attention
13276,2011-10-07 12:44:00,2,590.9300000000001,64,2,2,2,6,Needs Attention
13277,2011-11-24 09:21:00,4,258.4,16,4,3,1,8,Loyal
13278,2011-10-30 11:49:00,1,542.73,41,3,1,2,6,Promising
13279,2011-09-22 17:24:00,1,137.75,78,2,1,1,4,Needs Attention
13280,2011-08-09 13:14:00,3,814.86,122,2,3,3,8,At Risk
13282,2011-11-21 15:33:00,3,1132.14,18,4,3,3,10,Loyal
13283,2011-10-11 09:50:00,2,93.66,60,2,2,1,5,Needs Attention
13284,2011-01-13 09:23:00,1,201.19,331,1,1,1,3,Lost
13285,2011-11-16 13:19:00,4,2709.12,23,3,3,4,10,Loyal
13291,2011-07-07 10:36:00,1,361.11,156,1,1,2,4,Lost
13292,2011-11-01 10:04:00,2,578.9399999999999,39,3,2,2,7,Promising
13294,2011-06-03 08:54:00,2,873.74,190,1,2,3,6,Needs Attention
13295,2010-12-15 11:21:00,1,201.20000000000002,360,1,1,1,3,Lost
13296,2011-07-25 13:46:00,1,87.4,137,2,1,1,4,Needs Attention
13297,2011-12-02 09:32:00,4,2089.85,8,4,3,4,11,Loyal
13298,2011-12-08 13:11:00,1,360.0,1,4,1,2,7,Promising
13299,2011-03-16 12:55:00,1,142.5,268,1,1,1,3,Lost
13300,2011-06-23 13:09:00,1,371.89,169,1,1,2,4,Lost
13301,2011-08-28 11:25:00,4,600.19,104,2,3,2,7,At Risk
13302,2011-07-07 17:56:00,1,63.75,155,1,1,1,3,Lost
13304,2010-12-23 14:35:00,1,300.42,351,1,1,1,3,Lost
13305,2011-12-05 15:15:00,10,2000.86,4,4,4,4,12,Champions
13307,2011-08-11 17:14:00,1,15.0,120,2,1,1,4,Needs Attention
13308,2011-11-17 09:31:00,3,1385.51,23,3,3,3,9,Loyal
13309,2011-12-02 16:34:00,5,1456.79,7,4,4,3,11,Loyal
13310,2011-11-11 17:23:00,3,1132.03,28,3,3,3,9,Loyal
13311,2011-12-05 12:55:00,2,598.57,4,4,2,2,8,Promising
13313,2011-11-17 16:48:00,5,1555.32,22,3,4,3,10,Loyal
13314,2011-12-08 12:29:00,3,775.94,2,4,3,3,10,Loyal
13316,2011-11-02 13:40:00,4,5977.7300000000005,37,3,3,4,10,Loyal
13317,2011-10-04 13:35:00,6,2273.68,66,2,4,4,10,At Risk
13318,2011-12-08 18:51:00,3,640.76,1,4,3,2,9,Loyal
13319,2011-12-04 13:34:00,26,10845.550000000001,5,4,4,4,12,Champions
13320,2011-09-22 18:07:00,4,1548.7,78,2,3,3,8,At Risk
13321,2011-09-28 15:24:00,2,567.36,72,2,2,2,6,Needs Attention
13322,2011-11-22 14:21:00,1,199.48000000000002,17,4,1,1,6,Promising
13323,2011-12-06 17:12:00,5,787.85,3,4,4,3,11,Loyal
13324,2011-11-03 16:28:00,10,7121.95,36,3,4,4,11,Loyal
13325,2011-09-19 10:36:00,1,675.3,82,2,1,3,6,Needs Attention
13327,2011-11-01 10:21:00,8,3627.77,39,3,4,4,11,Loyal
13328,2011-01-27 15:22:00,1,1308.48,316,1,1,3,5,Lost
13329,2011-11-08 10:29:00,2,789.0,32,3,2,3,8,Promising
13330,2011-09-08 12:27:00,3,1140.93,93,2,3,3,8,At Risk
13332,2011-11-25 13:30:00,1,350.9,14,4,1,2,7,Promising
13334,2011-09-18 15:21:00,3,3536.82,82,2,3,4,9,At Risk
13336,2011-09-23 14:05:00,1,795.12,77,2,1,3,6,Needs Attention
13338,2011-07-05 09:06:00,1,487.02,158,1,1,2,4,Lost
13339,2011-05-23 08:31:00,1,860.12,201,1,1,3,5,Lost
13340,2011-10-25 13:15:00,7,10736.48,45,3,4,4,11,Loyal
13341,2011-03-24 09:50:00,1,775.85,261,1,1,3,5,Lost
13343,2011-06-15 12:24:00,1,353.43,178,1,1,2,4,Lost
13344,2011-10-03 09:45:00,3,2543.72,68,2,3,4,9,At Risk
13345,2011-02-25 09:01:00,1,389.5,288,1,1,2,4,Lost
13347,2011-09-30 13:28:00,1,341.36,70,2,1,2,5,Needs Attention
13348,2011-10-06 17:28:00,1,233.76,64,2,1,1,4,Needs Attention
13349,2011-11-29 08:07:00,1,247.32,11,4,1,1,6,Promising
13350,2011-11-23 16:33:00,2,979.12,16,4,2,3,9,Promising
13351,2011-10-04 12:55:00,1,373.94,66,2,1,2,5,Needs Attention
13352,2011-10-10 13:55:00,1,397.97999999999996,60,2,1,2,5,Needs Attention
13354,2011-09-29 13:17:00,1,743.53,71,2,1,3,6,Needs Attention
13355,2011-08-09 14:48:00,1,674.7,122,2,1,3,6,Needs Attention
13356,2011-09-20 14:33:00,1,768.24,80,2,1,3,6,Needs Attention
13357,2011-03-27 13:56:00,1,609.95,257,1,1,2,4,Lost
13358,2011-03-16 11:52:00,1,439.03,269,1,1,2,4,Lost
13359,2011-10-07 09:30:00,1,439.56,64,2,1,2,5,Needs Attention
13362,2011-11-30 14:41:00,4,3090.7400000000002,9,4,3,4,11,Loyal
13363,2011-11-22 12:40:00,2,992.5,18,4,2,3,9,Promising
13364,2011-09-29 18:13:00,1,134.95999999999998,71,2,1,1,4,Needs Attention
13365,2011-11-06 12:36:00,2,2225.37,34,3,2,4,9,Promising
13366,2011-10-20 13:37:00,1,56.160000000000004,50,3,1,1,5,Promising
13368,2011-03-28 09:59:00,2,623.4,257,1,2,2,5,Needs Attention
13369,2010-12-09 11:30:00,1,308.28000000000003,366,1,1,2,4,Lost
13370,2010-12-03 10:26:00,1,754.87,372,1,1,3,5,Lost
13372,2011-09-11 12:46:00,1,378.64,90,2,1,2,5,Needs Attention
13373,2011-10-10 10:51:00,3,3312.25,61,2,3,4,9,At Risk
13375,2011-09-12 10:19:00,1,778.65,89,2,1,3,6,Needs Attention
13376,2011-09-01 16:16:00,3,1019.76,99,2,3,3,8,At Risk
13379,2011-11-13 13:45:00,3,572.56,26,3,3,2,8,Loyal
13381,2011-11-08 11:58:00,6,3639.31,32,3,4,4,11,Loyal
13382,2011-03-04 10:03:00,1,222.99,281,1,1,1,3,Lost
13384,2011-11-09 11:04:00,7,4151.93,31,3,4,4,11,Loyal
13385,2011-01-14 09:52:00,1,534.57,330,1,1,2,4,Lost
13388,2011-07-31 12:52:00,2,677.1,131,2,2,3,7,Needs Attention
13389,2011-11-28 14:01:00,3,797.96,11,4,3,3,10,Loyal
13390,2011-09-26 08:38:00,1,544.08,75,2,1,2,5,Needs Attention
13391,2011-05-20 10:50:00,1,59.8,204,1,1,1,3,Lost
13394,2011-12-08 11:36:00,8,2520.02,2,4,4,4,12,Champions
13395,2011-06-07 15:04:00,1,307.72,185,1,1,2,4,Lost
13396,2011-11-10 16:59:00,2,1360.99,29,3,2,3,8,Promising
13397,2011-09-28 10:56:00,5,1544.13,73,2,4,3,9,At Risk
13398,2011-05-31 13:17:00,1,457.34,192,1,1,2,4,Lost
13402,2011-08-04 15:51:00,2,621.23,127,2,2,2,6,Needs Attention
13403,2011-11-22 08:28:00,1,75.0,18,4,1,1,6,Promising
13404,2011-12-08 15:37:00,2,252.49,1,4,2,1,7,Promising
13405,2011-05-19 16:31:00,2,557.45,204,1,2,2,5,Needs Attention
13408,2011-12-08 09:05:00,62,28117.04,2,4,4,4,12,Champions
13410,2011-11-15 15:33:00,5,1003.06,24,3,4,3,10,Loyal
13411,2011-08-24 13:57:00,1,213.55,107,2,1,1,4,Needs Attention
13414,2011-07-29 11:45:00,3,1390.5,134,2,3,3,8,At Risk
13416,2011-10-27 08:56:00,2,712.5,44,3,2,3,8,Promising
13417,2011-12-05 08:49:00,2,640.83,5,4,2,2,8,Promising
13418,2011-11-28 10:23:00,18,6127.43,12,4,4,4,12,Champions
13419,2011-10-07 12:49:00,1,221.06,64,2,1,1,4,Needs Attention
13420,2011-07-13 08:48:00,2,159.85,150,1,2,1,4,Needs Attention
13421,2011-10-30 14:21:00,2,1840.58,40,3,2,4,9,Promising
13422,2011-10-06 13:42:00,1,2626.3,64,2,1,4,7,Needs Attention
13425,2011-08-23 17:13:00,3,1624.21,108,2,3,3,8,At Risk
13426,2011-12-09 08:59:00,10,3641.32,1,4,4,4,12,Champions
13427,2011-11-20 13:02:00,3,582.6,19,3,3,2,8,Loyal
13428,2011-11-29 14:20:00,1,218.47,10,4,1,1,6,Promising
13429,2011-11-29 09:10:00,4,1006.8,11,4,3,3,10,Loyal
13430,2011-11-21 08:19:00,2,679.45,19,3,2,3,8,Promising
13431,2011-10-03 13:49:00,2,1269.1,67,2,2,3,7,Needs Attention
13434,2011-09-26 14:30:00,2,534.24,74,2,2,2,6,Needs Attention
13435,2011-12-04 14:45:00,7,3809.8900000000003,5,4,4,4,12,Champions
13436,2011-12-08 10:33:00,1,196.89,2,4,1,1,6,Promising
13437,2011-11-25 14:00:00,7,3408.06,14,4,4,4,12,Champions
13439,2011-03-29 14:20:00,1,283.71,255,1,1,1,3,Lost
13441,2011-09-09 09:38:00,1,296.64,92,2,1,1,4,Needs Attention
13447,2011-11-16 13:38:00,3,1129.14,23,3,3,3,9,Loyal
13448,2011-11-23 12:33:00,6,3539.37,17,4,4,4,12,Champions
13449,2011-11-16 08:28:00,1,291.88,24,3,1,1,5,Promising
13450,2011-11-13 11:54:00,6,2043.7199999999998,27,3,4,4,11,Loyal
13451,2011-11-13 15:58:00,5,2976.15,26,3,4,4,11,Loyal
13452,2011-03-25 14:19:00,2,590.0,259,1,2,2,5,Needs Attention
13453,2011-06-27 09:34:00,2,356.97999999999996,166,1,2,2,5,Needs Attention
13455,2011-11-15 11:21:00,2,1058.34,25,3,2,3,8,Promising
13456,2011-11-22 09:18:00,6,1766.72,18,4,4,4,12,Champions
13458,2011-12-02 15:29:00,14,9646.57,7,4,4,4,12,Champions
13460,2011-11-10 17:17:00,2,183.44,29,3,2,1,6,Promising
13461,2011-11-01 09:01:00,3,1445.0,39,3,3,3,9,Loyal
13462,2011-04-01 11:20:00,1,151.5,253,1,1,1,3,Lost
13464,2011-10-12 15:01:00,1,674.68,58,2,1,3,6,Needs Attention
13466,2011-06-08 16:39:00,1,307.9,184,1,1,2,4,Lost
13467,2011-11-29 10:01:00,2,1083.71,11,4,2,3,9,Promising
13468,2011-12-08 10:39:00,37,5704.97,2,4,4,4,12,Champions
13470,2011-09-01 14:57:00,2,165.0,99,2,2,1,5,Needs Attention
13471,2011-12-08 15:44:00,4,2531.58,1,4,3,4,11,Loyal
13473,2011-10-10 11:20:00,2,422.64,61,2,2,2,6,Needs Attention
13474,2011-04-17 13:53:00,1,229.59,236,1,1,1,3,Lost
13475,2011-06-01 13:52:00,4,1431.78,191,1,3,3,7,At Risk
13476,2011-06-14 12:00:00,2,1238.47,179,1,2,3,6,Needs Attention
13477,2011-11-02 12:04:00,6,1454.58,38,3,4,3,10,Loyal
13479,2011-05-23 10:45:00,2,300.95,201,1,2,1,4,Needs Attention
13481,2011-10-25 09:07:00,5,1804.56,46,3,4,4,11,Loyal
13482,2011-04-21 17:03:00,1,184.64,232,1,1,1,3,Lost
13483,2011-10-05 11:53:00,1,140.34,66,2,1,1,4,Needs Attention
13484,2011-04-12 16:30:00,1,313.8,241,1,1,2,4,Lost
13485,2011-04-20 13:58:00,1,454.24,233,1,1,2,4,Lost
13486,2011-09-22 13:13:00,3,1122.41,78,2,3,3,8,At Risk
13487,2011-10-13 12:07:00,3,575.4,58,2,3,2,7,At Risk
13488,2011-11-22 14:41:00,13,8968.31,17,4,4,4,12,Champions
13489,2011-08-26 13:16:00,4,449.52,105,2,3,2,7,At Risk
13491,2011-10-19 08:32:00,10,1215.82,52,2,4,3,9,At Risk
13492,2011-07-26 14:25:00,3,1269.84,136,2,3,3,8,At Risk
13493,2011-03-09 15:35:00,2,498.63,275,1,2,2,5,Needs Attention
13494,2011-02-01 11:58:00,1,316.26000000000005,312,1,1,2,4,Lost
13495,2011-12-02 11:21:00,5,2044.8700000000001,8,4,4,4,12,Champions
13496,2011-11-29 10:58:00,2,653.33,11,4,2,2,8,Promising
13497,2011-03-02 09:04:00,2,348.05,283,1,2,2,5,Needs Attention
13499,2011-11-22 11:21:00,5,1159.11,18,4,4,3,11,Loyal
13500,2011-11-16 15:35:00,3,1166.77,23,3,3,3,9,Loyal
13501,2011-02-24 18:59:00,1,1340.32,288,1,1,3,5,Lost
13502,2011-11-23 10:39:00,3,292.0,17,4,3,1,8,Loyal
13503,2011-09-29 13:23:00,1,216.85,71,2,1,1,4,Needs Attention
13504,2011-10-06 13:20:00,1,295.93,64,2,1,1,4,Needs Attention
13505,2011-09-28 11:56:00,4,3633.63,73,2,3,4,9,At Risk
13506,2011-01-27 13:53:00,2,458.52,316,1,2,2,5,Needs Attention
13507,2011-12-06 13:13:00,4,2479.16,3,4,3,4,11,Loyal
13508,2011-04-10 11:58:00,1,110.97,244,1,1,1,3,Lost
13509,2011-12-01 10:10:00,6,964.72,9,4,4,3,11,Loyal
13510,2011-12-08 13:46:00,4,1791.56,1,4,3,4,11,Loyal
13512,2011-03-24 10:03:00,1,251.21,261,1,1,1,3,Lost
13513,2011-08-05 11:50:00,1,205.1,127,2,1,1,4,Needs Attention
13514,2011-09-27 09:39:00,1,152.20000000000002,74,2,1,1,4,Needs Attention
13515,2011-09-28 11:26:00,4,891.12,73,2,3,3,8,At Risk
13516,2011-11-18 13:15:00,3,1389.41,21,3,3,3,9,Loyal
13517,2011-10-11 11:43:00,3,2128.42,60,2,3,4,9,At Risk
13518,2011-09-15 10:29:00,1,659.4399999999999,86,2,1,2,5,Needs Attention
13519,2011-09-22 18:24:00,1,122.75,78,2,1,1,4,Needs Attention
13520,2011-10-12 10:20:00,6,2984.35,59,2,4,4,10,At Risk
13521,2011-12-08 13:50:00,3,1092.39,1,4,3,3,10,Loyal
13522,2011-11-09 15:11:00,1,125.80000000000001,30,3,1,1,5,Promising
13523,2011-11-06 15:11:00,5,3964.88,33,3,4,4,11,Loyal
13524,2011-10-30 12:34:00,5,680.1800000000001,41,3,4,3,10,Loyal
13525,2011-11-25 12:01:00,2,628.78,15,4,2,2,8,Promising
13527,2011-11-06 12:04:00,7,2287.51,34,3,4,4,11,Loyal
13529,2011-09-22 09:15:00,2,307.76,79,2,2,2,6,Needs Attention
13531,2011-05-18 16:56:00,2,483.8,205,1,2,2,5,Needs Attention
13532,2011-11-06 12:25:00,1,210.31,34,3,1,1,5,Promising
13533,2011-06-10 11:54:00,3,270.79,183,1,3,1,5,At Risk
13534,2011-12-07 14:52:00,25,5870.08,2,4,4,4,12,Champions
13536,2011-12-08 16:38:00,7,3448.29,1,4,4,4,12,Champions
13538,2011-10-27 16:34:00,7,1280.85,43,3,4,3,10,Loyal
13539,2011-09-15 10:18:00,3,631.34,86,2,3,2,7,At Risk
13544,2011-10-31 11:57:00,2,291.41,40,3,2,1,6,Promising
13546,2011-11-27 14:50:00,3,626.99,12,4,3,2,9,Loyal
13548,2011-09-04 14:50:00,2,682.41,96,2,2,3,7,Needs Attention
13549,2011-11-14 09:20:00,7,918.2,26,3,4,3,10,Loyal
13551,2011-01-24 14:46:00,1,91.80000000000001,319,1,1,1,3,Lost
13552,2011-10-04 15:19:00,12,3740.07,66,2,4,4,10,At Risk
13555,2011-09-27 12:36:00,4,4149.28,74,2,3,4,9,At Risk
13557,2011-11-11 15:24:00,2,584.06,28,3,2,2,7,Promising
13558,2011-12-04 11:24:00,4,605.06,6,4,3,2,9,Loyal
13560,2011-12-02 13:11:00,1,174.37,7,4,1,1,6,Promising
13561,2011-05-08 12:39:00,1,141.85999999999999,216,1,1,1,3,Lost
13562,2011-09-19 10:51:00,3,1799.33,82,2,3,4,9,At Risk
13563,2011-09-16 14:45:00,2,777.53,84,2,2,3,7,Needs Attention
13564,2010-12-20 16:50:00,2,1198.38,354,1,2,3,6,Needs Attention
13565,2011-11-20 14:33:00,2,240.22,19,3,2,1,6,Promising
13566,2011-10-30 11:59:00,2,874.71,41,3,2,3,8,Promising
13568,2011-06-19 14:42:00,1,192.85,173,1,1,1,3,Lost
13569,2011-11-22 13:07:00,2,372.25,17,4,2,2,8,Promising
13570,2011-04-10 13:36:00,1,239.49,243,1,1,1,3,Lost
13571,2011-11-27 10:47:00,12,2092.32,13,4,4,4,12,Champions
13572,2011-05-18 11:59:00,1,1384.25,206,1,1,3,5,Lost
13573,2011-10-20 14:33:00,2,294.4,50,3,2,1,6,Promising
13575,2011-11-16 13:14:00,5,732.0699999999999,23,3,4,3,10,Loyal
13576,2011-11-29 15:34:00,18,6717.34,10,4,4,4,12,Champions
13577,2011-11-14 15:19:00,4,1687.6000000000001,25,3,3,4,10,Loyal
13579,2011-11-25 08:41:00,2,467.04,15,4,2,2,8,Promising
13581,2011-02-03 14:41:00,1,118.0,309,1,1,1,3,Lost
13583,2011-07-07 10:40:00,1,781.03,156,1,1,3,5,Lost
13584,2011-02-06 12:49:00,1,142.4,307,1,1,1,3,Lost
13587,2011-10-07 12:31:00,1,712.4,64,2,1,3,6,Needs Attention
13588,2011-11-24 10:42:00,9,2478.95,16,4,4,4,12,Champions
13589,2011-11-25 12:10:00,2,379.65,15,4,2,2,8,Promising
13590,2011-11-28 12:54:00,6,1981.92,11,4,4,4,12,Champions
13591,2011-10-06 12:26:00,3,1117.13,65,2,3,3,8,At Risk
13592,2011-11-04 09:49:00,4,247.95999999999998,36,3,3,1,7,Loyal
13593,2011-08-23 13:35:00,5,2037.0800000000002,108,2,4,4,10,At Risk
13594,2011-10-18 10:19:00,1,396.97,53,2,1,2,5,Needs Attention
13596,2011-12-04 12:01:00,2,697.04,6,4,2,3,9,Promising
13598,2011-10-23 14:28:00,1,180.17000000000002,47,3,1,1,5,Promising
13599,2011-12-08 16:10:00,21,5153.67,1,4,4,4,12,Champions
13600,2011-01-31 15:27:00,1,219.52,312,1,1,1,3,Lost
13601,2011-10-25 17:31:00,2,693.32,45,3,2,3,8,Promising
13602,2011-10-06 11:47:00,1,428.89,65,2,1,2,5,Needs Attention
13603,2011-11-13 15:57:00,1,164.34,26,3,1,1,5,Promising
13606,2011-11-10 17:46:00,3,280.53999999999996,29,3,3,1,7,Loyal
13607,2011-10-30 16:17:00,1,678.01,40,3,1,3,7,Promising
13610,2011-11-27 15:38:00,7,1131.88,12,4,4,3,11,Loyal
13611,2011-09-11 14:51:00,3,1171.8,89,2,3,3,8,At Risk
13614,2011-11-15 14:47:00,4,1610.46,24,3,3,3,9,Loyal
13615,2011-01-25 08:21:00,1,417.69,319,1,1,2,4,Lost
13617,2011-10-30 13:50:00,3,544.18,40,3,3,2,8,Loyal
13618,2011-06-19 11:09:00,1,177.34,174,1,1,1,3,Lost
13621,2011-08-15 08:26:00,1,213.85,117,2,1,1,4,Needs Attention
13623,2011-11-09 12:00:00,5,747.78,31,3,4,3,10,Loyal
13626,2011-04-01 10:05:00,1,257.23,253,1,1,1,3,Lost
13627,2011-10-11 14:20:00,5,1638.47,59,2,4,4,10,At Risk
13629,2011-11-16 13:21:00,11,7792.36,23,3,4,4,11,Loyal
13630,2011-12-04 15:16:00,7,2031.78,5,4,4,4,12,Champions
13631,2011-09-01 09:57:00,11,3070.42,100,2,4,4,10,At Risk
13632,2011-11-15 10:51:00,5,2121.27,25,3,4,4,11,Loyal
13634,2011-11-06 13:40:00,5,1575.16,33,3,4,3,10,Loyal
13635,2011-10-03 10:55:00,1,1071.03,68,2,1,3,6,Needs Attention
13636,2011-11-03 10:30:00,5,949.12,37,3,4,3,10,Loyal
13637,2011-10-18 13:32:00,3,809.25,52,2,3,3,8,At Risk
13638,2011-11-24 10:38:00,1,122.64,16,4,1,1,6,Promising
13639,2011-09-26 13:36:00,1,1033.34,74,2,1,3,6,Needs Attention
13642,2011-05-08 12:34:00,1,354.8,216,1,1,2,4,Lost
13643,2011-11-08 15:37:00,3,519.44,31,3,3,2,8,Loyal
13644,2011-11-23 14:07:00,4,2624.26,16,4,3,4,11,Loyal
13645,2011-08-11 16:11:00,1,252.1,120,2,1,1,4,Needs Attention
13647,2011-11-30 12:00:00,4,1678.1200000000001,10,4,3,4,11,Loyal
13649,2011-03-28 11:51:00,2,346.6,257,1,2,2,5,Needs Attention
13650,2011-11-23 12:22:00,6,1836.34,17,4,4,4,12,Champions
13651,2011-10-31 12:11:00,1,79.2,40,3,1,1,5,Promising
13652,2011-10-25 08:51:00,3,1095.08,46,3,3,3,9,Loyal
13654,2011-10-27 16:24:00,6,2707.33,43,3,4,4,11,Loyal
13655,2011-08-17 14:25:00,2,932.97,114,2,2,3,7,Needs Attention
13656,2011-06-28 10:31:00,2,379.65,165,1,2,2,5,Needs Attention
13657,2011-11-29 12:32:00,2,382.14,11,4,2,2,8,Promising
13658,2011-11-30 10:13:00,5,2639.17,10,4,4,4,12,Champions
13659,2011-05-18 12:37:00,2,1573.2,206,1,2,3,6,Needs Attention
13662,2011-09-15 12:04:00,3,897.76,86,2,3,3,8,At Risk
13663,2011-06-13 15:44:00,1,189.47,179,1,1,1,3,Lost
13666,2011-10-10 15:39:00,3,84.65,60,2,3,1,6,At Risk
13667,2011-07-13 15:42:00,1,305.02,149,1,1,1,3,Lost
13668,2011-12-07 12:11:00,21,6363.59,3,4,4,4,12,Champions
13669,2011-10-20 09:32:00,2,218.55,51,3,2,1,6,Promising
13670,2011-09-25 15:25:00,1,349.7,75,2,1,2,5,Needs Attention
13672,2011-02-11 13:53:00,2,186.39000000000001,301,1,2,1,4,Needs Attention
13673,2011-11-21 12:11:00,2,396.92,19,3,2,2,7,Promising
13675,2011-07-11 12:57:00,2,486.82000000000005,151,1,2,2,5,Needs Attention
13678,2011-07-11 10:14:00,1,232.6,152,1,1,1,3,Lost
13680,2011-12-08 13:47:00,4,3722.42,1,4,3,4,11,Loyal
13681,2011-11-22 11:13:00,4,827.83,18,4,3,3,10,Loyal
13682,2011-06-05 14:06:00,1,59.5,187,1,1,1,3,Lost
13684,2011-02-27 10:13:00,1,67.23,286,1,1,1,3,Lost
13685,2011-12-07 11:41:00,7,3119.44,3,4,4,4,12,Champions
13686,2011-06-10 09:10:00,1,72.0,183,1,1,1,3,Lost
13689,2011-10-07 13:21:00,1,910.0,63,2,1,3,6,Needs Attention
13690,2011-10-11 15:03:00,1,172.25,59,2,1,1,4,Needs Attention
13692,2011-11-15 11:17:00,3,1488.32,25,3,3,3,9,Loyal
13694,2011-12-06 09:32:00,50,65039.62,4,4,4,4,12,Champions
13695,2011-11-08 14:26:00,15,2504.13,31,3,4,4,11,Loyal
13697,2011-11-01 09:14:00,1,151.29999999999998,39,3,1,1,5,Promising
13699,2011-07-07 16:51:00,1,308.58000000000004,155,1,1,2,4,Lost
13700,2011-11-13 13:00:00,10,2265.12,26,3,4,4,11,Loyal
13703,2011-01-25 13:10:00,1,99.5,318,1,1,1,3,Lost
13704,2011-12-04 15:13:00,9,2308.06,5,4,4,4,12,Champions
13705,2011-12-02 12:32:00,3,711.86,8,4,3,3,10,Loyal
13706,2011-02-10 09:21:00,1,330.79,303,1,1,2,4,Lost
13707,2011-03-17 18:03:00,2,806.41,267,1,2,3,6,Needs Attention
13708,2011-03-13 13:46:00,1,294.88,271,1,1,1,3,Lost
13709,2011-12-06 10:28:00,13,6328.05,4,4,4,4,12,Champions
13710,2011-11-08 08:16:00,1,180.48,32,3,1,1,5,Promising
13711,2011-05-05 10:31:00,2,252.06,219,1,2,1,4,Needs Attention
13712,2011-04-07 12:33:00,1,228.84,247,1,1,1,3,Lost
13715,2011-03-03 19:21:00,5,1079.34,281,1,4,3,8,At Risk
13716,2011-03-15 13:49:00,1,138.28,269,1,1,1,3,Lost
13717,2011-11-07 14:13:00,6,1445.01,32,3,4,3,10,Loyal
13718,2011-04-07 13:24:00,2,306.55,246,1,2,2,5,Needs Attention
13719,2011-11-24 15:26:00,5,1041.68,15,4,4,3,11,Loyal
13720,2011-08-15 12:46:00,4,799.9,117,2,3,3,8,At Risk
13721,2011-11-03 14:05:00,1,524.14,36,3,1,2,6,Promising
13722,2011-07-31 12:44:00,3,2375.41,132,2,3,4,9,At Risk
13723,2011-05-06 17:04:00,1,199.85000000000002,217,1,1,1,3,Lost
13725,2011-10-21 10:03:00,8,1980.56,50,3,4,4,11,Loyal
13726,2011-11-01 10:49:00,2,1079.6599999999999,39,3,2,3,8,Promising
13727,2011-11-11 09:46:00,2,333.48,29,3,2,2,7,Promising
13728,2011-11-03 10:49:00,6,1016.14,37,3,4,3,10,Loyal
13730,2011-07-27 08:35:00,2,752.6,136,2,2,3,7,Needs Attention
13731,2011-05-04 14:33:00,2,610.59,219,1,2,2,5,Needs Attention
13732,2011-11-11 15:49:00,1,491.86,28,3,1,2,6,Promising
13735,2011-11-15 11:14:00,4,2885.2400000000002,25,3,3,4,10,Loyal
13736,2011-12-04 15:19:00,2,731.9,5,4,2,3,9,Promising
13737,2011-05-23 16:32:00,1,339.59999999999997,200,1,1,2,4,Lost
13739,2011-11-21 13:35:00,1,216.9,18,4,1,1,6,Promising
13740,2011-04-13 10:32:00,1,350.75,241,1,1,2,4,Lost
13741,2011-09-29 09:19:00,3,668.4300000000001,72,2,3,3,8,At Risk
13742,2011-11-23 11:07:00,12,3131.02,17,4,4,4,12,Champions
13743,2011-12-07 10:09:00,7,1341.6,3,4,4,3,11,Loyal
13744,2011-09-05 15:19:00,2,1156.36,95,2,2,3,7,Needs Attention
13745,2011-06-30 16:43:00,1,300.04,162,1,1,1,3,Lost
13747,2010-12-01 10:37:00,1,79.6,374,1,1,1,3,Lost
13748,2011-09-05 09:45:00,5,948.25,96,2,4,3,9,At Risk
13750,2011-10-17 12:16:00,5,1647.26,54,2,4,4,10,At Risk
13751,2011-02-24 15:56:00,1,296.25,288,1,1,1,3,Lost
13752,2011-08-07 14:16:00,6,1186.28,124,2,4,3,9,At Risk
13753,2011-02-25 12:48:00,1,741.26,288,1,1,3,5,Lost
13754,2011-07-11 11:51:00,2,282.59999999999997,152,1,2,1,4,Needs Attention
13755,2011-12-06 12:26:00,9,2161.35,4,4,4,4,12,Champions
13756,2011-12-07 16:44:00,14,5189.52,2,4,4,4,12,Champions
13758,2011-11-28 11:11:00,7,3190.55,12,4,4,4,12,Champions
13759,2011-11-06 14:47:00,2,659.4100000000001,33,3,2,2,7,Promising
13760,2011-10-16 16:13:00,2,286.79,54,2,2,1,5,Needs Attention
13761,2011-10-20 14:01:00,2,1070.65,50,3,2,3,8,Promising
13762,2011-05-05 09:15:00,1,306.72,219,1,1,2,4,Lost
13763,2011-10-07 15:13:00,1,1714.96,63,2,1,4,7,Needs Attention
13764,2011-09-30 12:03:00,3,1518.76,71,2,3,3,8,At Risk
13767,2011-12-07 15:00:00,37,17220.36,2,4,4,4,12,Champions
13769,2011-12-07 15:08:00,10,2796.51,2,4,4,4,12,Champions
13771,2011-10-06 14:18:00,4,2634.45,64,2,3,4,9,At Risk
13772,2011-11-06 11:43:00,3,1132.13,34,3,3,3,9,Loyal
13774,2011-09-19 12:06:00,1,345.0,82,2,1,2,5,Needs Attention
13777,2011-12-09 12:25:00,33,25977.16,1,4,4,4,12,Champions
13778,2011-08-28 15:25:00,1,178.7,103,2,1,1,4,Needs Attention
13780,2011-12-02 13:49:00,2,360.01,7,4,2,2,8,Promising
13781,2011-04-03 12:08:00,1,127.84,251,1,1,1,3,Lost
13782,2011-11-27 11:54:00,6,912.0,13,4,4,3,11,Loyal
13784,2011-11-30 09:33:00,11,2462.79,10,4,4,4,12,Champions
13786,2010-12-07 13:53:00,1,230.39999999999998,367,1,1,1,3,Lost
13787,2011-09-25 12:06:00,2,309.04,76,2,2,2,6,Needs Attention
13790,2011-12-05 15:48:00,1,348.8,4,4,1,2,7,Promising
13791,2011-08-04 11:44:00,2,1516.0,128,2,2,3,7,Needs Attention
13792,2011-10-04 14:31:00,2,195.55,66,2,2,1,5,Needs Attention
13798,2011-12-08 15:51:00,57,37153.85,1,4,4,4,12,Champions
13799,2011-08-15 12:07:00,2,688.86,117,2,2,3,7,Needs Attention
13800,2011-02-03 12:27:00,1,558.32,310,1,1,2,4,Lost
13801,2011-10-04 10:15:00,1,324.8,67,2,1,2,5,Needs Attention
13802,2011-07-24 10:54:00,3,4599.42,139,2,3,4,9,At Risk
13803,2011-03-29 12:57:00,1,277.07,255,1,1,1,3,Lost
13804,2011-11-09 12:32:00,7,2635.79,31,3,4,4,11,Loyal
13805,2011-10-18 14:50:00,2,924.6,52,2,2,3,7,Needs Attention
13806,2011-10-07 11:43:00,1,256.38,64,2,1,1,4,Needs Attention
13807,2010-12-07 15:48:00,1,112.6,367,1,1,1,3,Lost
13808,2011-12-04 12:18:00,5,1747.66,6,4,4,4,12,Champions
13809,2011-02-07 13:15:00,1,155.05,305,1,1,1,3,Lost
13810,2011-11-11 08:33:00,2,827.51,29,3,2,3,8,Promising
13811,2011-06-09 09:54:00,2,519.75,184,1,2,2,5,Needs Attention
13812,2011-10-28 14:27:00,3,485.0,42,3,3,2,8,Loyal
13813,2011-10-31 10:38:00,4,1168.8600000000001,40,3,3,3,9,Loyal
13814,2011-09-08 13:48:00,2,1579.12,92,2,2,3,7,Needs Attention
13815,2011-11-17 14:19:00,4,3667.36,22,3,3,4,10,Loyal
13816,2011-11-16 08:38:00,2,499.67,24,3,2,2,7,Promising
13817,2011-11-10 17:49:00,2,328.98,29,3,2,2,7,Promising
13819,2011-02-11 10:38:00,3,1140.35,302,1,3,3,7,At Risk
13821,2011-07-18 09:49:00,2,385.64,145,1,2,2,5,Needs Attention
13822,2011-12-04 12:13:00,2,632.0,6,4,2,2,8,Promising
13823,2011-11-21 10:22:00,2,957.66,19,3,2,3,8,Promising
13824,2011-11-07 12:41:00,5,1698.94,33,3,4,4,11,Loyal
13826,2011-06-16 13:48:00,1,189.5,176,1,1,1,3,Lost
13827,2011-10-13 12:38:00,3,412.05,58,2,3,2,7,At Risk
13828,2011-11-17 16:02:00,1,209.49,22,3,1,1,5,Promising
13831,2011-11-23 15:41:00,6,2202.99,16,4,4,4,12,Champions
13832,2011-11-20 15:36:00,1,52.199999999999996,19,3,1,1,5,Promising
13833,2011-07-03 13:27:00,1,384.8,159,1,1,2,4,Lost
13835,2011-11-14 15:37:00,4,834.57,25,3,3,3,9,Loyal
13837,2011-05-12 12:10:00,2,271.24,212,1,2,1,4,Needs Attention
13838,2011-12-04 11:00:00,4,691.73,6,4,3,3,10,Loyal
13841,2011-04-01 12:10:00,1,85.0,253,1,1,1,3,Lost
13842,2011-10-12 10:51:00,9,3385.62,59,2,4,4,10,At Risk
13844,2011-11-28 13:21:00,1,361.62,11,4,1,2,7,Promising
13845,2011-10-06 08:25:00,1,312.98,65,2,1,2,5,Needs Attention
13846,2011-11-15 12:07:00,3,865.0600000000001,25,3,3,3,9,Loyal
13848,2011-09-08 12:58:00,3,1255.0,92,2,3,3,8,At Risk
13849,2011-10-19 10:59:00,2,1537.95,52,2,2,3,7,Needs Attention
13850,2011-08-02 14:04:00,1,1595.48,129,2,1,3,6,Needs Attention
13851,2011-09-05 12:36:00,3,2651.46,96,2,3,4,9,At Risk
13853,2011-10-13 14:18:00,1,1090.14,57,2,1,3,6,Needs Attention
13854,2011-12-01 09:06:00,25,8109.5199999999995,9,4,4,4,12,Champions
13856,2011-06-24 10:03:00,3,388.5,169,1,3,2,6,At Risk
13858,2011-10-13 16:17:00,1,216.17,57,2,1,1,4,Needs Attention
13859,2011-01-17 16:14:00,1,201.16,326,1,1,1,3,Lost
13860,2011-12-08 12:57:00,5,1245.9,1,4,4,3,11,Loyal
13862,2011-11-21 16:24:00,8,2209.36,18,4,4,4,12,Champions
13863,2011-04-06 10:20:00,1,305.78,248,1,1,1,3,Lost
13865,2011-10-12 13:31:00,4,501.56,58,2,3,2,7,At Risk
13866,2011-09-26 14:54:00,1,145.67000000000002,74,2,1,1,4,Needs Attention
13867,2011-11-08 15:48:00,3,1015.29,31,3,3,3,9,Loyal
13868,2011-12-02 16:32:00,2,3192.54,7,4,2,4,10,Promising
13869,2011-08-08 13:53:00,4,3104.95,123,2,3,4,9,At Risk
13870,2011-12-07 13:23:00,8,2770.94,2,4,4,4,12,Champions
13871,2011-11-17 10:49:00,13,6403.25,23,3,4,4,11,Loyal
13873,2011-08-12 10:08:00,3,389.6,120,2,3,2,7,At Risk
13874,2010-12-16 18:20:00,1,540.45,358,1,1,2,4,Lost
13875,2011-10-17 09:36:00,5,1786.79,54,2,4,4,10,At Risk
13876,2011-10-07 10:22:00,1,122.7,64,2,1,1,4,Needs Attention
13877,2011-09-14 15:49:00,1,117.24,86,2,1,1,4,Needs Attention
13878,2011-10-16 12:19:00,1,1281.53,55,2,1,3,6,Needs Attention
13880,2011-11-18 13:44:00,13,3219.77,21,3,4,4,11,Loyal
13881,2011-12-06 12:50:00,20,17159.52,4,4,4,4,12,Champions
13882,2011-12-07 11:16:00,5,1191.13,3,4,4,3,11,Loyal
13883,2011-11-29 10:45:00,5,2674.48,11,4,4,4,12,Champions
13884,2011-12-02 16:30:00,5,787.6,7,4,4,3,11,Loyal
13885,2011-06-03 15:07:00,2,506.8,189,1,2,2,5,Needs Attention
13886,2011-09-29 13:17:00,1,243.56,71,2,1,1,4,Needs Attention
13887,2011-05-19 17:22:00,1,349.55,204,1,1,2,4,Lost
13888,2011-08-12 10:13:00,2,605.63,120,2,2,2,6,Needs Attention
13889,2011-09-08 09:13:00,1,416.90000000000003,93,2,1,2,5,Needs Attention
13890,2011-12-08 15:36:00,10,1883.8100000000002,1,4,4,4,12,Champions
13892,2011-11-13 11:50:00,4,632.97,27,3,3,2,8,Loyal
13893,2011-02-15 11:30:00,1,821.1,298,1,1,3,5,Lost
13894,2011-11-16 09:44:00,3,564.62,24,3,3,2,8,Loyal
13895,2011-11-11 16:57:00,4,2593.07,28,3,3,4,10,Loyal
13897,2011-10-20 14:30:00,1,311.16,50,3,1,2,6,Promising
13898,2011-01-18 10:28:00,1,155.93,326,1,1,1,3,Lost
13899,2011-11-23 13:40:00,2,388.52,16,4,2,2,8,Promising
13900,2011-06-09 19:26:00,3,740.95,183,1,3,3,7,At Risk
13901,2011-09-28 14:48:00,5,2867.2,72,2,4,4,10,At Risk
13904,2011-11-02 13:41:00,2,332.64,37,3,2,2,7,Promising
13908,2011-09-21 11:49:00,4,2369.55,80,2,3,4,9,At Risk
13911,2011-10-13 15:43:00,9,2580.91,57,2,4,4,10,At Risk
13914,2011-11-28 10:35:00,2,626.45,12,4,2,2,8,Promising
13917,2011-10-21 09:56:00,2,272.04,50,3,2,1,6,Promising
13918,2011-10-21 12:25:00,2,1212.8400000000001,50,3,2,3,8,Promising
13919,2011-10-11 14:24:00,2,348.81,59,2,2,2,6,Needs Attention
13922,2010-12-23 10:38:00,1,172.25,352,1,1,1,3,Lost
13923,2011-10-17 12:33:00,1,351.13,54,2,1,2,5,Needs Attention
13924,2011-12-08 09:39:00,6,1838.8500000000001,2,4,4,4,12,Champions
13925,2011-09-08 12:47:00,4,678.25,93,2,3,3,8,At Risk
13926,2011-11-16 13:16:00,1,223.85000000000002,23,3,1,1,5,Promising
13927,2011-09-26 12:00:00,1,348.99,75,2,1,2,5,Needs Attention
13928,2011-11-29 10:33:00,4,464.57,11,4,3,2,9,Loyal
13929,2011-06-23 15:26:00,2,842.65,169,1,2,3,6,Needs Attention
13930,2011-10-13 09:45:00,2,337.34,58,2,2,2,6,Needs Attention
13931,2011-09-05 10:12:00,2,1237.53,96,2,2,3,7,Needs Attention
13932,2011-02-18 12:02:00,1,307.4,295,1,1,2,4,Lost
13933,2011-08-22 14:03:00,2,608.7900000000001,109,2,2,2,6,Needs Attention
13934,2011-03-21 08:39:00,1,922.1,264,1,1,3,5,Lost
13936,2011-06-13 08:47:00,1,376.58,180,1,1,2,4,Lost
13937,2011-06-23 16:35:00,1,158.85,169,1,1,1,3,Lost
13938,2011-11-04 14:37:00,1,71.66,35,3,1,1,5,Promising
13939,2011-11-16 13:33:00,3,568.55,23,3,3,2,8,Loyal
13940,2011-11-22 15:15:00,4,839.14,17,4,3,3,10,Loyal
13941,2011-11-18 09:43:00,5,5112.96,22,3,4,4,11,Loyal
13946,2011-09-21 13:33:00,3,561.5699999999999,79,2,3,2,7,At Risk
13947,2011-10-05 14:42:00,1,90.6,65,2,1,1,4,Needs Attention
13948,2010-12-14 10:18:00,1,102.0,361,1,1,1,3,Lost
13949,2011-12-07 09:35:00,6,2427.32,3,4,4,4,12,Champions
13950,2011-11-28 14:44:00,4,745.06,11,4,3,3,10,Loyal
13951,2011-06-16 16:43:00,3,674.45,176,1,3,3,7,At Risk
13952,2011-05-06 09:00:00,2,3251.07,218,1,2,4,7,Needs Attention
13953,2011-12-02 16:04:00,7,3515.68,7,4,4,4,12,Champions
13954,2011-12-08 12:50:00,2,439.92,2,4,2,2,8,Promising
13955,2011-07-08 17:19:00,2,322.96,154,1,2,2,5,Needs Attention
13956,2011-12-04 13:20:00,5,1026.42,5,4,4,3,11,Loyal
13959,2011-09-21 15:06:00,3,598.2,79,2,3,2,7,At Risk
13960,2011-11-18 15:27:00,2,230.22,21,3,2,1,6,Promising
13962,2011-11-18 08:47:00,2,169.55,22,3,2,1,6,Promising
13963,2011-02-04 14:43:00,4,664.54,308,1,3,2,6,At Risk
13967,2011-07-17 12:02:00,1,80.7,146,1,1,1,3,Lost
13969,2011-12-02 15:11:00,18,9053.94,7,4,4,4,12,Champions
13971,2011-11-21 12:06:00,8,2758.26,19,3,4,4,11,Loyal
13972,2011-09-30 11:54:00,2,190.25,71,2,2,1,5,Needs Attention
13973,2011-02-25 15:21:00,1,264.7,287,1,1,1,3,Lost
13974,2011-10-21 14:41:00,1,413.59000000000003,49,3,1,2,6,Promising
13975,2011-11-08 13:19:00,6,2526.28,31,3,4,4,11,Loyal
13976,2011-05-17 09:13:00,1,357.98,207,1,1,2,4,Lost
13978,2011-11-25 11:36:00,2,196.79000000000002,15,4,2,1,7,Promising
13979,2011-09-27 13:32:00,1,869.87,73,2,1,3,6,Needs Attention
13980,2011-10-10 13:34:00,1,200.14,60,2,1,1,4,Needs Attention
13982,2011-10-31 16:24:00,4,1871.81,39,3,3,4,10,Loyal
13983,2011-11-10 11:06:00,12,2603.43,30,3,4,4,11,Loyal
13984,2011-11-13 12:38:00,5,920.51,27,3,4,3,10,Loyal
13985,2011-12-05 17:06:00,15,7060.13,4,4,4,4,12,Champions
13986,2011-11-22 15:00:00,1,320.46,17,4,1,2,7,Promising
13988,2011-11-20 10:15:00,6,4147.96,20,3,4,4,11,Loyal
13989,2011-10-05 09:47:00,2,1266.08,66,2,2,3,7,Needs Attention
13990,2011-05-10 15:19:00,1,311.3,213,1,1,2,4,Lost
13991,2011-11-27 16:18:00,6,854.97,12,4,4,3,11,Loyal
13992,2011-11-09 15:23:00,1,76.8,30,3,1,1,5,Promising
13993,2011-10-28 09:06:00,9,3466.36,43,3,4,4,11,Loyal
13994,2011-12-06 11:05:00,6,2313.14,4,4,4,4,12,Champions
13995,2011-11-24 14:22:00,5,1393.69,15,4,4,3,11,Loyal
13999,2011-11-29 13:40:00,12,3901.81,10,4,4,4,12,Champions
14000,2011-05-12 16:50:00,1,635.66,211,1,1,2,4,Lost
14001,2011-10-25 10:31:00,3,2043.0800000000002,46,3,3,4,10,Loyal
14002,2011-07-28 15:55:00,2,529.73,134,2,2,2,6,Needs Attention
14004,2011-10-27 14:40:00,7,4582.64,43,3,4,4,11,Loyal
14005,2011-11-30 12:41:00,5,2874.72,10,4,4,4,12,Champions
14006,2011-08-16 09:39:00,3,962.19,116,2,3,3,8,At Risk
14009,2011-05-25 15:47:00,2,695.61,198,1,2,3,6,Needs Attention
14012,2011-03-07 12:26:00,1,328.8,278,1,1,2,4,Lost
14013,2011-08-21 15:01:00,3,473.02,110,2,3,2,7,At Risk
14014,2011-09-23 13:18:00,1,505.18,77,2,1,2,5,Needs Attention
14015,2011-10-18 10:02:00,1,917.34,53,2,1,3,6,Needs Attention
14016,2011-07-01 11:29:00,4,4341.21,162,1,3,4,8,At Risk
14019,2011-10-24 10:13:00,3,1421.61,47,3,3,3,9,Loyal
14020,2011-11-23 09:22:00,2,642.8,17,4,2,2,8,Promising
14021,2011-07-07 15:46:00,3,631.9,155,1,3,2,6,At Risk
14022,2011-04-28 14:39:00,1,440.0,225,1,1,2,4,Lost
14023,2011-12-02 13:58:00,2,584.07,7,4,2,2,8,Promising
14024,2011-08-10 11:30:00,2,327.7,122,2,2,2,6,Needs Attention
14027,2011-10-10 09:01:00,1,104.82,61,2,1,1,4,Needs Attention
14029,2011-10-07 14:46:00,2,467.66,63,2,2,2,6,Needs Attention
14030,2011-11-21 16:48:00,8,2360.09,18,4,4,4,12,Champions
14031,2011-12-02 17:13:00,19,17286.86,7,4,4,4,12,Champions
14032,2011-12-07 15:23:00,11,2975.59,2,4,4,4,12,Champions
14034,2011-11-17 14:02:00,3,651.8199999999999,22,3,3,2,8,Loyal
14035,2011-11-11 10:03:00,5,1428.02,29,3,4,3,10,Loyal
14036,2011-02-28 09:26:00,1,626.65,285,1,1,2,4,Lost
14037,2011-06-16 13:57:00,2,147.20000000000002,176,1,2,1,4,Needs Attention
14038,2011-09-22 13:37:00,3,1560.38,78,2,3,3,8,At Risk
14039,2011-11-06 13:48:00,1,152.2,33,3,1,1,5,Promising
14040,2011-10-30 12:42:00,12,3614.92,41,3,4,4,11,Loyal
14041,2011-03-18 13:25:00,1,141.41,266,1,1,1,3,Lost
14044,2011-11-13 12:05:00,4,652.82,27,3,3,2,8,Loyal
14045,2011-08-22 15:27:00,4,1659.75,109,2,3,4,9,At Risk
14046,2011-02-28 14:48:00,1,151.59,284,1,1,1,3,Lost
14047,2011-12-01 11:43:00,5,1308.6100000000001,9,4,4,3,11,Loyal
14048,2011-02-07 14:53:00,1,409.93,305,1,1,2,4,Lost
14049,2011-11-23 12:20:00,4,5681.72,17,4,3,4,11,Loyal
14050,2011-11-08 10:00:00,2,746.36,32,3,2,3,8,Promising
14051,2011-12-09 10:20:00,23,15610.390000000001,1,4,4,4,12,Champions
14052,2011-11-20 12:30:00,1,225.36,20,3,1,1,5,Promising
14053,2011-08-07 14:27:00,2,260.25,124,2,2,1,5,Needs Attention
14054,2011-10-05 15:49:00,1,92.46,65,2,1,1,4,Needs Attention
14055,2011-08-25 15:04:00,1,725.6400000000001,106,2,1,3,6,Needs Attention
14056,2011-12-08 13:36:00,23,8214.65,1,4,4,4,12,Champions
14057,2011-11-16 10:32:00,17,6217.96,24,3,4,4,11,Loyal
14059,2011-03-18 10:06:00,1,183.6,267,1,1,1,3,Lost
14060,2011-12-05 12:29:00,19,6140.42,5,4,4,4,12,Champions
14062,2011-11-30 10:04:00,12,10464.85,10,4,4,4,12,Champions
14064,2011-11-10 13:14:00,5,1353.74,29,3,4,3,10,Loyal
14066,2011-03-18 12:21:00,1,152.55,267,1,1,1,3,Lost
14067,2011-10-07 10:21:00,2,374.7,64,2,2,2,6,Needs Attention
14068,2011-01-23 16:02:00,1,265.85,320,1,1,1,3,Lost
14071,2011-12-06 12:27:00,8,1424.0,4,4,4,3,11,Loyal
14073,2011-11-07 15:49:00,1,151.04,32,3,1,1,5,Promising
14075,2011-12-05 08:38:00,3,942.26,5,4,3,3,10,Loyal
14076,2011-08-02 15:19:00,1,122.47,129,2,1,1,4,Needs Attention
14077,2011-10-30 12:35:00,5,499.41999999999996,41,3,4,2,9,Loyal
14078,2011-08-30 12:16:00,6,1049.37,102,2,4,3,9,At Risk
14079,2011-08-07 12:10:00,1,375.1,125,2,1,2,5,Needs Attention
14080,2011-11-07 11:09:00,1,45.599999999999994,33,3,1,1,5,Promising
14081,2011-02-10 16:17:00,2,934.52,302,1,2,3,6,Needs Attention
14082,2010-12-10 11:02:00,1,182.25,365,1,1,1,3,Lost
14083,2011-12-05 13:14:00,9,1018.43,4,4,4,3,11,Loyal
14085,2011-12-07 13:46:00,18,4448.54,2,4,4,4,12,Champions
14087,2011-12-07 12:41:00,1,194.42,3,4,1,1,6,Promising
14088,2011-11-29 16:16:00,13,50491.81,10,4,4,4,12,Champions
14089,2011-10-14 10:38:00,1,161.0,57,2,1,1,4,Needs Attention
14090,2011-01-19 10:51:00,1,76.32000000000001,325,1,1,1,3,Lost
14092,2011-12-02 12:13:00,14,4076.91,8,4,4,4,12,Champions
14093,2011-11-27 16:27:00,1,442.85,12,4,1,2,7,Promising
14096,2011-12-05 17:17:00,17,53258.43,4,4,4,4,12,Champions
14098,2011-11-03 10:13:00,1,147.35,37,3,1,1,5,Promising
14099,2011-11-23 13:53:00,11,3104.17,16,4,4,4,12,Champions
14100,2011-07-25 11:01:00,1,194.9,138,2,1,1,4,Needs Attention
14101,2011-09-27 12:28:00,6,5976.79,74,2,4,4,10,At Risk
14102,2011-12-04 15:38:00,5,1360.28,5,4,4,3,11,Loyal
14104,2011-07-08 12:50:00,2,216.20999999999998,155,1,2,1,4,Needs Attention
14105,2011-04-14 17:58:00,1,1266.23,239,1,1,3,5,Lost
14107,2011-10-19 12:12:00,7,2703.23,52,2,4,4,10,At Risk
14108,2011-11-09 10:41:00,2,597.91,31,3,2,2,7,Promising
14109,2011-09-28 10:18:00,1,144.2,73,2,1,1,4,Needs Attention
14110,2011-12-06 12:26:00,12,5683.15,4,4,4,4,12,Champions
14111,2011-11-25 13:44:00,4,692.85,14,4,3,3,10,Loyal
14112,2011-11-17 12:30:00,7,2915.15,23,3,4,4,11,Loyal
14113,2011-12-06 12:18:00,4,1840.42,4,4,3,4,11,Loyal
14114,2011-03-11 09:42:00,2,386.53,274,1,2,2,5,Needs Attention
14116,2011-11-20 10:29:00,5,1382.74,20,3,4,3,10,Loyal
14117,2011-07-19 09:49:00,1,90.0,144,1,1,1,3,Lost
14121,2011-12-06 12:19:00,4,2780.15,4,4,3,4,11,Loyal
14124,2011-09-16 13:32:00,1,419.58000000000004,84,2,1,2,5,Needs Attention
14125,2011-11-29 12:47:00,3,2740.43,11,4,3,4,11,Loyal
14126,2011-12-02 11:45:00,3,706.1300000000001,8,4,3,3,10,Loyal
14127,2011-08-09 10:49:00,3,709.71,123,2,3,3,8,At Risk
14128,2011-10-10 12:00:00,2,637.5,61,2,2,2,6,Needs Attention
14129,2011-12-08 11:02:00,5,1123.8600000000001,2,4,4,3,11,Loyal
14130,2011-01-24 16:05:00,1,483.86,319,1,1,2,4,Lost
14132,2011-12-07 13:35:00,11,3586.0299999999997,2,4,4,4,12,Champions
14133,2011-08-02 11:34:00,3,605.64,130,2,3,2,7,At Risk
14135,2011-12-08 11:38:00,15,4690.31,2,4,4,4,12,Champions
14138,2011-12-08 12:44:00,2,982.3800000000001,2,4,2,3,9,Promising
14139,2011-10-24 13:34:00,1,415.82,46,3,1,2,6,Promising
14140,2011-12-06 09:05:00,2,935.05,4,4,2,3,9,Promising
14141,2011-12-07 09:53:00,4,915.13,3,4,3,3,10,Loyal
14142,2010-12-01 16:33:00,1,311.81,373,1,1,2,4,Lost
14143,2011-07-29 09:48:00,1,115.8,134,2,1,1,4,Needs Attention
14145,2011-10-24 12:10:00,4,3742.2,47,3,3,4,10,Loyal
14146,2011-12-01 10:18:00,5,4191.0,9,4,4,4,12,Champions
14147,2011-09-22 18:10:00,2,483.4,78,2,2,2,6,Needs Attention
14148,2011-04-20 12:02:00,1,157.2,234,1,1,1,3,Lost
14149,2011-05-03 09:44:00,1,446.62,221,1,1,2,4,Lost
14150,2011-11-04 10:05:00,2,658.64,36,3,2,2,7,Promising
14152,2011-09-25 12:54:00,2,621.29,75,2,2,2,6,Needs Attention
14154,2011-04-14 16:26:00,2,1345.62,239,1,2,3,6,Needs Attention
14155,2011-03-18 14:13:00,1,118.75,266,1,1,1,3,Lost
14156,2011-11-30 10:54:00,55,117379.63,10,4,4,4,12,Champions
14157,2011-11-20 11:32:00,2,432.88,20,3,2,2,7,Promising
14158,2011-10-30 15:08:00,1,507.66,40,3,1,2,6,Promising
14159,2011-11-20 12:36:00,11,4690.64,20,3,4,4,11,Loyal
14161,2011-05-08 11:41:00,3,1110.52,216,1,3,3,7,At Risk
14162,2011-06-19 11:36:00,2,289.36,174,1,2,1,4,Needs Attention
14163,2011-09-13 15:18:00,4,2445.91,87,2,3,4,9,At Risk
14164,2011-09-30 12:24:00,2,1631.77,71,2,2,4,8,Needs Attention
14165,2011-03-09 12:39:00,1,122.53999999999999,276,1,1,1,3,Lost
14167,2011-10-31 14:29:00,4,574.84,39,3,3,2,8,Loyal
14171,2011-09-02 16:43:00,1,363.79,98,2,1,2,5,Needs Attention
14173,2011-11-29 11:54:00,4,450.84,11,4,3,2,9,Loyal
14174,2011-11-06 13:17:00,1,134.46,33,3,1,1,5,Promising
14175,2011-10-11 11:55:00,3,3222.3,60,2,3,4,9,At Risk
14176,2011-02-15 13:12:00,4,576.9000000000001,297,1,3,2,6,At Risk
14177,2011-09-14 15:11:00,4,559.41,86,2,3,2,7,At Risk
14178,2011-12-01 12:01:00,7,1600.93,9,4,4,3,11,Loyal
14179,2011-10-30 12:07:00,2,719.78,41,3,2,3,8,Promising
14180,2011-11-29 10:56:00,25,4748.52,11,4,4,4,12,Champions
14184,2011-10-04 12:43:00,1,452.89,67,2,1,2,5,Needs Attention
14185,2011-01-12 13:52:00,1,197.65,331,1,1,1,3,Lost
14188,2011-11-09 12:45:00,6,2054.36,31,3,4,4,11,Loyal
14189,2011-12-07 15:55:00,15,4654.08,2,4,4,4,12,Champions
14191,2011-12-08 09:23:00,13,4684.76,2,4,4,4,12,Champions
14193,2011-10-03 09:34:00,2,853.39,68,2,2,3,7,Needs Attention
14194,2011-12-05 10:38:00,21,11349.52,5,4,4,4,12,Champions
14195,2011-05-22 10:29:00,2,1012.0,202,1,2,3,6,Needs Attention
14196,2011-08-25 10:25:00,1,335.52,107,2,1,2,5,Needs Attention
14198,2011-11-21 16:35:00,4,701.4,18,4,3,3,10,Loyal
14199,2011-05-05 13:44:00,1,185.39999999999998,218,1,1,1,3,Lost
14201,2011-10-10 13:27:00,7,747.44,60,2,4,3,9,At Risk
14204,2011-12-07 13:38:00,1,161.03,2,4,1,1,6,Promising
14205,2011-11-23 10:55:00,2,466.7,17,4,2,2,8,Promising
14206,2011-04-14 16:38:00,1,328.15999999999997,239,1,1,2,4,Lost
14208,2011-09-06 12:48:00,1,151.74,95,2,1,1,4,Needs Attention
14209,2011-11-29 10:18:00,6,2073.43,11,4,4,4,12,Champions
14210,2011-08-26 12:36:00,6,1905.8400000000001,106,2,4,4,10,At Risk
14211,2011-10-17 13:23:00,9,2241.1,53,2,4,4,10,At Risk
14212,2011-09-11 12:45:00,1,1070.48,90,2,1,3,6,Needs Attention
14214,2011-11-09 10:31:00,5,1004.38,31,3,4,3,10,Loyal
14215,2011-11-28 12:19:00,6,1789.72,12,4,4,4,12,Champions
14216,2011-12-06 14:56:00,4,1839.3,3,4,3,4,11,Loyal
14217,2011-12-08 11:53:00,17,2004.98,2,4,4,4,12,Champions
14218,2011-10-28 10:00:00,1,169.48000000000002,43,3,1,1,5,Promising
14219,2011-12-05 16:23:00,1,89.94,4,4,1,1,6,Promising
14220,2011-04-06 13:23:00,2,632.4,247,1,2,2,5,Needs Attention
14221,2011-10-28 13:42:00,9,3432.8,42,3,4,4,11,Loyal
14222,2011-06-15 16:42:00,1,683.17,177,1,1,3,5,Lost
14223,2011-09-08 13:38:00,3,991.13,92,2,3,3,8,At Risk
14224,2011-08-21 13:24:00,4,1050.12,110,2,3,3,8,At Risk
14226,2011-11-11 11:34:00,5,2232.19,29,3,4,4,11,Loyal
14227,2011-11-13 15:48:00,10,3350.96,26,3,4,4,11,Loyal
14229,2011-10-19 10:04:00,3,1547.2,52,2,3,3,8,At Risk
14231,2011-06-09 11:05:00,3,925.71,184,1,3,3,7,At Risk
14232,2011-10-28 11:09:00,5,2048.07,43,3,4,4,11,Loyal
14233,2011-10-21 15:54:00,4,1462.72,49,3,3,3,9,Loyal
14234,2011-11-17 17:53:00,4,775.46,22,3,3,3,9,Loyal
14235,2011-09-25 14:37:00,5,3144.86,75,2,4,4,10,At Risk
14236,2011-09-20 09:13:00,2,490.86,81,2,2,2,6,Needs Attention
14237,2010-12-01 13:20:00,1,161.0,373,1,1,1,3,Lost
14238,2011-01-17 14:40:00,1,146.85,326,1,1,1,3,Lost
14239,2011-10-27 14:40:00,11,2380.85,43,3,4,4,11,Loyal
14240,2011-11-09 13:45:00,2,890.34,30,3,2,3,8,Promising
14241,2011-06-09 11:46:00,1,213.70000000000002,184,1,1,1,3,Lost
14242,2011-04-19 11:46:00,2,280.55,235,1,2,1,4,Needs Attention
14243,2011-12-01 11:12:00,10,2588.77,9,4,4,4,12,Champions
14245,2011-05-04 08:40:00,2,1693.45,220,1,2,4,7,Needs Attention
14246,2011-08-21 11:50:00,3,1474.06,111,2,3,3,8,At Risk
14247,2011-03-06 15:21:00,1,136.76999999999998,278,1,1,1,3,Lost
14248,2011-01-25 14:45:00,1,302.58,318,1,1,1,3,Lost
14250,2011-12-02 14:30:00,3,1904.05,7,4,3,4,11,Loyal
14251,2011-12-08 08:32:00,5,2879.7000000000003,2,4,4,4,12,Champions
14256,2011-03-24 13:17:00,2,969.0600000000001,260,1,2,3,6,Needs Attention
14257,2011-10-06 16:54:00,5,3099.7200000000003,64,2,4,4,10,At Risk
14258,2011-11-30 15:27:00,9,12669.98,9,4,4,4,12,Champions
14259,2011-07-21 10:44:00,1,120.0,142,2,1,1,4,Needs Attention
14261,2011-10-20 10:04:00,2,1163.45,51,3,2,3,8,Promising
14262,2011-12-01 14:17:00,8,2618.23,8,4,4,4,12,Champions
14264,2011-07-08 10:20:00,2,333.97,155,1,2,2,5,Needs Attention
14265,2011-08-22 13:32:00,2,530.18,109,2,2,2,6,Needs Attention
14267,2011-06-30 10:09:00,3,1516.24,163,1,3,3,7,At Risk
14270,2011-01-12 09:33:00,1,492.65000000000003,332,1,1,2,4,Lost
14271,2011-04-28 12:47:00,1,112.32,226,1,1,1,3,Lost
14272,2011-09-27 10:08:00,2,437.96,74,2,2,2,6,Needs Attention
14273,2011-10-19 13:20:00,4,559.97,51,3,3,2,8,Loyal
14276,2011-09-02 09:45:00,3,1119.74,99,2,3,3,8,At Risk
14277,2011-11-24 15:01:00,3,4180.2,15,4,3,4,11,Loyal
14280,2011-05-27 10:37:00,1,134.04,197,1,1,1,3,Lost
14282,2011-12-06 17:04:00,15,3729.34,3,4,4,4,12,Champions
14284,2011-11-09 08:11:00,2,595.25,31,3,2,2,7,Promising
14285,2011-11-18 14:50:00,4,1910.01,21,3,3,4,10,Loyal
14286,2011-11-16 10:34:00,3,4628.75,24,3,3,4,10,Loyal
14287,2011-12-01 13:25:00,3,176.63,8,4,3,1,8,Loyal
14288,2011-05-10 13:22:00,1,426.6,213,1,1,2,4,Lost
14289,2011-12-01 11:44:00,6,911.26,9,4,4,3,11,Loyal
14290,2011-11-28 14:02:00,5,2314.65,11,4,4,4,12,Champions
14291,2011-12-08 10:26:00,11,3883.25,2,4,4,4,12,Champions
14292,2011-12-02 11:50:00,9,4871.93,8,4,4,4,12,Champions
14293,2011-12-06 15:17:00,4,1046.56,3,4,3,3,10,Loyal
14295,2011-10-30 15:50:00,1,166.20000000000002,40,3,1,1,5,Promising
14297,2011-11-22 09:06:00,4,1305.33,18,4,3,3,10,Loyal
14298,2011-12-01 13:12:00,44,51527.3,8,4,4,4,12,Champions
14299,2011-12-01 16:05:00,9,3965.62,8,4,4,4,12,Champions
14300,2011-11-21 08:57:00,1,43.2,19,3,1,1,5,Promising
14301,2011-08-14 15:33:00,1,640.14,117,2,1,2,5,Needs Attention
14304,2011-05-01 11:50:00,1,383.45,223,1,1,2,4,Lost
14305,2011-09-29 15:29:00,3,1858.96,71,2,3,4,9,At Risk
14306,2011-10-19 13:23:00,2,2093.32,51,3,2,4,9,Promising
14307,2011-09-12 09:38:00,6,2995.72,89,2,4,4,10,At Risk
14309,2011-12-01 13:33:00,9,2352.53,8,4,4,4,12,Champions
14311,2011-04-11 10:14:00,1,310.26,243,1,1,2,4,Lost
14312,2011-10-24 09:46:00,6,1611.59,47,3,4,3,10,Loyal
14314,2011-08-25 10:39:00,1,120.0,107,2,1,1,4,Needs Attention
14315,2011-10-26 12:06:00,6,2481.13,45,3,4,4,11,Loyal
14317,2011-10-06 10:44:00,1,508.58000000000004,65,2,1,2,5,Needs Attention
14320,2011-05-17 09:24:00,2,477.79,207,1,2,2,5,Needs Attention
14321,2011-11-29 09:47:00,5,1530.75,11,4,4,3,11,Loyal
14323,2011-08-17 11:37:00,2,605.0600000000001,115,2,2,2,6,Needs Attention
14326,2011-04-11 15:04:00,1,183.85,242,1,1,1,3,Lost
14327,2011-06-29 13:58:00,1,311.65,163,1,1,2,4,Lost
14329,2011-11-22 15:50:00,7,5014.84,17,4,4,4,12,Champions
14331,2011-08-07 13:17:00,2,462.65999999999997,124,2,2,2,6,Needs Attention
14332,2011-11-17 11:54:00,3,866.31,23,3,3,3,9,Loyal
14333,2011-10-03 10:38:00,1,415.2,68,2,1,2,5,Needs Attention
14334,2011-11-23 10:01:00,8,2552.21,17,4,4,4,12,Champions
14335,2011-11-23 13:41:00,2,468.26,16,4,2,2,8,Promising
14336,2011-11-23 11:40:00,4,1614.91,17,4,3,3,10,Loyal
14338,2011-07-01 14:08:00,2,588.22,161,1,2,2,5,Needs Attention
14339,2011-04-11 11:06:00,1,309.52,243,1,1,2,4,Lost
14340,2011-05-05 09:44:00,1,134.7,219,1,1,1,3,Lost
14341,2011-10-25 15:48:00,8,2182.28,45,3,4,4,11,Loyal
14342,2011-11-18 13:21:00,4,668.5600000000001,21,3,3,3,9,Loyal
14344,2011-08-04 13:51:00,8,889.9300000000001,127,2,4,3,9,At Risk
14345,2011-11-01 09:51:00,1,108.97999999999999,39,3,1,1,5,Promising
14346,2011-08-11 09:47:00,2,1021.58,121,2,2,3,7,Needs Attention
14348,2011-03-24 16:23:00,1,409.57,260,1,1,2,4,Lost
14349,2011-11-29 15:39:00,1,133.5,10,4,1,1,6,Promising
14350,2011-03-10 14:14:00,1,282.93,274,1,1,1,3,Lost
14351,2011-06-28 11:56:00,1,51.0,165,1,1,1,3,Lost
14352,2011-07-05 15:41:00,4,1078.96,157,1,3,3,7,At Risk
14353,2011-05-08 16:06:00,1,90.6,215,1,1,1,3,Lost
14354,2011-12-04 11:32:00,2,163.62,6,4,2,1,7,Promising
14355,2010-12-09 12:16:00,1,174.4,366,1,1,1,3,Lost
14356,2011-09-21 09:18:00,2,701.23,80,2,2,3,7,Needs Attention
14357,2011-10-27 16:23:00,1,225.77,43,3,1,1,5,Promising
14359,2011-11-20 13:17:00,3,912.18,19,3,3,3,9,Loyal
14360,2011-11-08 09:12:00,4,2128.23,32,3,3,4,10,Loyal
14362,2011-11-17 15:08:00,1,161.2,22,3,1,1,5,Promising
14364,2011-08-23 11:01:00,8,3717.35,109,2,4,4,10,At Risk
14367,2011-12-01 13:19:00,16,9261.52,8,4,4,4,12,Champions
14368,2011-01-24 09:52:00,1,155.0,320,1,1,1,3,Lost
14371,2011-02-17 16:35:00,1,100.5,295,1,1,1,3,Lost
14373,2010-12-16 15:40:00,1,76.55,358,1,1,1,3,Lost
14375,2011-06-07 13:44:00,1,257.68,185,1,1,1,3,Lost
14377,2011-06-01 13:32:00,2,617.05,191,1,2,2,5,Needs Attention
14379,2011-10-26 16:43:00,2,348.1,44,3,2,2,7,Promising
14381,2011-10-18 17:10:00,1,202.68,52,2,1,1,4,Needs Attention
14382,2011-11-13 16:18:00,1,626.0699999999999,26,3,1,2,6,Promising
14383,2011-11-01 15:53:00,3,1247.69,38,3,3,3,9,Loyal
14385,2011-11-30 15:36:00,3,202.11,9,4,3,1,8,Loyal
14386,2011-02-16 09:45:00,1,142.4,297,1,1,1,3,Lost
14387,2011-11-07 12:29:00,3,1770.56,33,3,3,4,10,Loyal
14388,2011-11-29 13:32:00,8,3212.84,10,4,4,4,12,Champions
14389,2011-10-05 15:17:00,2,1043.46,65,2,2,3,7,Needs Attention
14390,2011-11-29 13:49:00,9,4652.82,10,4,4,4,12,Champions
14393,2011-05-05 18:16:00,1,67.95,218,1,1,1,3,Lost
14395,2011-12-07 14:34:00,9,3507.71,2,4,4,4,12,Champions
14396,2011-10-05 16:09:00,2,487.99,65,2,2,2,6,Needs Attention
14397,2011-12-07 09:22:00,19,2612.96,3,4,4,4,12,Champions
14400,2011-07-13 15:50:00,1,574.7,149,1,1,2,4,Lost
14401,2011-12-05 13:30:00,13,4051.48,4,4,4,4,12,Champions
14403,2011-08-01 12:57:00,4,1475.81,130,2,3,3,8,At Risk
14404,2011-11-06 12:30:00,6,1474.32,34,3,4,3,10,Loyal
14406,2011-08-12 16:54:00,1,156.75,119,2,1,1,4,Needs Attention
14407,2011-08-24 14:02:00,5,2142.73,107,2,4,4,10,At Risk
14408,2011-11-29 11:41:00,7,2606.53,11,4,4,4,12,Champions
14409,2011-09-29 18:18:00,6,2059.4500000000003,71,2,4,4,10,At Risk
14410,2011-09-08 15:08:00,9,1104.07,92,2,4,3,9,At Risk
14411,2011-02-02 10:56:00,1,1063.0,311,1,1,3,5,Lost
14412,2011-10-28 10:45:00,2,770.03,43,3,2,3,8,Promising
14413,2010-12-12 13:37:00,1,122.7,362,1,1,1,3,Lost
14414,2011-09-09 12:09:00,7,1496.98,92,2,4,3,9,At Risk
14415,2011-12-08 14:38:00,13,5900.28,1,4,4,4,12,Champions
14416,2011-11-17 15:22:00,2,490.22,22,3,2,2,7,Promising
14418,2011-12-06 11:39:00,3,1937.25,4,4,3,4,11,Loyal
14419,2011-11-29 11:22:00,6,1058.06,11,4,4,3,11,Loyal
14420,2011-09-01 18:07:00,1,387.52,99,2,1,2,5,Needs Attention
14421,2011-10-13 13:24:00,2,813.11,57,2,2,3,7,Needs Attention
14422,2011-12-09 11:26:00,6,4263.64,1,4,4,4,12,Champions
14423,2011-05-05 15:12:00,1,265.2,218,1,1,1,3,Lost
14424,2011-11-22 11:48:00,1,322.08,18,4,1,2,7,Promising
14426,2011-11-16 12:25:00,10,4481.67,24,3,4,4,11,Loyal
14427,2011-10-20 14:23:00,2,363.34000000000003,50,3,2,2,7,Promising
14428,2011-12-02 13:17:00,5,1244.83,7,4,4,3,11,Loyal
14431,2011-02-10 10:40:00,1,470.36,303,1,1,2,4,Lost
14432,2011-11-30 08:04:00,6,2255.51,10,4,4,4,12,Champions
14434,2011-11-18 08:56:00,6,1372.8,22,3,4,3,10,Loyal
14436,2011-09-02 10:13:00,1,89.06,99,2,1,1,4,Needs Attention
14437,2010-12-09 09:27:00,1,63.0,366,1,1,1,3,Lost
14438,2011-02-06 14:56:00,1,131.9,306,1,1,1,3,Lost
14439,2011-01-24 11:39:00,1,2661.24,320,1,1,4,6,Lost
14440,2011-12-01 15:42:00,5,2357.6800000000003,8,4,4,4,12,Champions
14441,2011-12-09 09:07:00,4,1712.89,1,4,3,4,11,Loyal
14442,2011-05-19 11:36:00,2,1589.82,205,1,2,3,6,Needs Attention
14443,2011-10-17 10:10:00,4,1420.2,54,2,3,3,8,At Risk
14446,2011-12-09 11:34:00,4,1034.78,1,4,3,3,10,Loyal
14447,2011-11-21 08:28:00,5,1163.23,19,3,4,3,10,Loyal
14448,2011-11-30 13:50:00,2,375.35,9,4,2,2,8,Promising
14449,2011-11-21 12:06:00,4,907.1,19,3,3,3,9,Loyal
14450,2011-06-12 10:46:00,3,483.25,181,1,3,2,6,At Risk
14451,2011-10-10 13:38:00,2,662.59,60,2,2,2,6,Needs Attention
14452,2011-11-29 12:06:00,2,264.44,11,4,2,1,7,Promising
14453,2011-06-02 14:15:00,1,119.93,190,1,1,1,3,Lost
14456,2011-12-04 13:59:00,9,3059.44,5,4,4,4,12,Champions
14457,2011-02-02 09:39:00,1,113.64,311,1,1,1,3,Lost
14459,2011-07-07 13:35:00,1,1837.92,155,1,1,4,6,Lost
14460,2011-08-21 14:19:00,3,434.34,110,2,3,2,7,At Risk
14461,2011-07-14 17:11:00,3,2102.67,148,1,3,4,8,At Risk
14462,2011-10-04 15:55:00,11,1999.02,66,2,4,4,10,At Risk
14463,2011-09-02 15:20:00,3,529.62,98,2,3,2,7,At Risk
14465,2011-04-07 12:38:00,3,1058.6200000000001,247,1,3,3,7,At Risk
14466,2011-11-10 14:07:00,7,2272.4,29,3,4,4,11,Loyal
14467,2011-11-22 12:48:00,4,598.76,18,4,3,2,9,Loyal
14470,2011-11-28 10:31:00,2,461.19,12,4,2,2,8,Promising
14472,2011-08-28 11:01:00,8,1936.84,104,2,4,4,10,At Risk
14473,2011-09-26 15:10:00,2,234.34000000000003,74,2,2,1,5,Needs Attention
14474,2011-10-24 13:26:00,1,547.66,46,3,1,2,6,Promising
14475,2011-09-29 10:46:00,3,925.85,72,2,3,3,8,At Risk
14476,2011-03-27 15:39:00,1,215.7,257,1,1,1,3,Lost
14477,2011-11-20 11:11:00,4,1309.6,20,3,3,3,9,Loyal
14479,2011-03-31 09:07:00,2,316.25,254,1,2,2,5,Needs Attention
14480,2011-11-28 16:35:00,1,279.05,11,4,1,1,6,Promising
14481,2011-06-28 10:38:00,2,636.51,165,1,2,2,5,Needs Attention
14482,2011-11-21 13:14:00,6,2068.15,18,4,4,4,12,Champions
14483,2011-03-03 10:26:00,1,137.1,282,1,1,1,3,Lost
14484,2011-10-20 14:11:00,1,321.92,50,3,1,2,6,Promising
14485,2011-11-01 12:25:00,1,165.75,39,3,1,1,5,Promising
14487,2011-11-13 12:17:00,6,1196.33,27,3,4,3,10,Loyal
14488,2011-10-03 09:30:00,1,1064.28,68,2,1,3,6,Needs Attention
14489,2011-05-16 14:51:00,1,463.38,207,1,1,2,4,Lost
14491,2011-06-17 15:22:00,2,340.93,175,1,2,2,5,Needs Attention
14493,2011-12-02 16:14:00,5,2383.2400000000002,7,4,4,4,12,Champions
14494,2011-11-14 09:21:00,1,139.56,26,3,1,1,5,Promising
14495,2011-10-20 12:28:00,2,123.8,51,3,2,1,6,Promising
14496,2011-02-01 09:01:00,2,538.8100000000001,312,1,2,2,5,Needs Attention
14497,2011-02-03 17:01:00,1,475.37,309,1,1,2,4,Lost
14498,2011-10-28 12:09:00,5,1957.32,43,3,4,4,11,Loyal
14499,2011-11-13 13:01:00,3,815.32,26,3,3,3,9,Loyal
14500,2011-09-12 16:45:00,3,356.85,88,2,3,2,7,At Risk
14501,2011-06-09 12:02:00,2,251.21,184,1,2,1,4,Needs Attention
14502,2011-11-20 11:50:00,11,2467.63,20,3,4,4,11,Loyal
14503,2011-12-06 13:30:00,6,3543.26,3,4,4,4,12,Champions
14504,2011-10-23 16:00:00,4,673.26,47,3,3,3,9,Loyal
14505,2011-11-22 15:45:00,8,5905.64,17,4,4,4,12,Champions
14506,2011-11-22 13:02:00,5,2012.17,17,4,4,4,12,Champions
14507,2011-11-16 12:21:00,6,1383.18,24,3,4,3,10,Loyal
14508,2011-11-17 19:48:00,2,276.42,22,3,2,1,6,Promising
14511,2011-11-28 17:05:00,5,1314.81,11,4,4,3,11,Loyal
14512,2011-06-05 12:39:00,2,275.28,188,1,2,1,4,Needs Attention
14513,2011-08-31 11:25:00,3,455.59000000000003,101,2,3,2,7,At Risk
14514,2011-10-09 16:05:00,3,1055.35,61,2,3,3,8,At Risk
14515,2011-11-22 11:37:00,6,2102.09,18,4,4,4,12,Champions
14517,2011-11-06 14:20:00,2,330.45,33,3,2,2,7,Promising
14518,2011-10-06 14:43:00,1,174.37,64,2,1,1,4,Needs Attention
14520,2011-12-08 09:46:00,2,270.6,2,4,2,1,7,Promising
14522,2011-11-15 13:24:00,4,974.54,24,3,3,3,9,Loyal
14523,2011-08-23 13:13:00,1,241.09,108,2,1,1,4,Needs Attention
14524,2011-11-08 12:29:00,9,1867.68,32,3,4,4,11,Loyal
14525,2011-11-20 11:37:00,9,4332.2,20,3,4,4,11,Loyal
14527,2011-12-07 12:19:00,55,8507.82,3,4,4,4,12,Champions
14528,2011-11-02 17:09:00,1,364.21999999999997,37,3,1,2,6,Promising
14529,2011-10-10 15:27:00,3,620.04,60,2,3,2,7,At Risk
14530,2011-11-14 10:38:00,6,2925.91,26,3,4,4,11,Loyal
14532,2011-04-17 13:05:00,4,932.85,236,1,3,3,7,At Risk
14533,2011-11-15 12:05:00,7,1949.72,25,3,4,4,11,Loyal
14534,2011-12-07 12:19:00,18,4445.4,3,4,4,4,12,Champions
14535,2011-10-10 15:39:00,3,2864.19,60,2,3,4,9,At Risk
14536,2011-03-25 12:21:00,1,171.8,260,1,1,1,3,Lost
14537,2011-10-13 10:54:00,1,355.56,58,2,1,2,5,Needs Attention
14538,2011-10-06 10:31:00,2,388.25,65,2,2,2,6,Needs Attention
14539,2011-11-24 09:50:00,2,537.48,16,4,2,2,8,Promising
14540,2011-11-30 10:15:00,3,996.26,10,4,3,3,10,Loyal
14541,2011-10-12 10:08:00,8,1461.65,59,2,4,3,9,At Risk
14542,2011-06-07 08:19:00,1,103.25,186,1,1,1,3,Lost
14543,2011-11-11 12:45:00,16,3590.68,29,3,4,4,11,Loyal
14544,2011-11-15 15:06:00,2,2024.45,24,3,2,4,9,Promising
14546,2011-12-04 13:00:00,5,2578.09,5,4,4,4,12,Champions
14547,2011-12-06 11:06:00,8,4007.54,4,4,4,4,12,Champions
14548,2011-07-12 12:19:00,2,652.8,151,1,2,2,5,Needs Attention
14549,2011-02-01 13:47:00,1,289.24,311,1,1,1,3,Lost
14550,2011-11-29 12:12:00,2,765.62,11,4,2,3,9,Promising
14551,2011-11-21 13:36:00,2,186.23,18,4,2,1,7,Promising
14552,2011-07-11 12:49:00,1,165.07,152,1,1,1,3,Lost
14553,2011-11-20 13:20:00,5,859.27,19,3,4,3,10,Loyal
14554,2011-11-29 16:44:00,4,2381.04,10,4,3,4,11,Loyal
14555,2011-10-13 16:24:00,2,324.14,57,2,2,2,6,Needs Attention
14557,2011-09-15 15:48:00,1,788.38,85,2,1,3,6,Needs Attention
14560,2011-12-02 15:22:00,22,2237.77,7,4,4,4,12,Champions
14561,2011-09-25 12:39:00,3,1080.76,76,2,3,3,8,At Risk
14562,2011-12-06 11:05:00,18,5074.77,4,4,4,4,12,Champions
14565,2011-09-05 09:07:00,4,3099.12,96,2,3,4,9,At Risk
14566,2011-08-21 11:05:00,1,1432.0,111,2,1,3,6,Needs Attention
14567,2011-10-14 10:21:00,2,1530.3600000000001,57,2,2,3,7,Needs Attention
14569,2011-12-08 14:58:00,1,227.39,1,4,1,1,6,Promising
14570,2011-03-04 10:58:00,2,217.21,281,1,2,1,4,Needs Attention
14572,2011-12-06 14:40:00,7,2832.84,3,4,4,4,12,Champions
14573,2011-06-13 11:15:00,9,1653.42,180,1,4,4,9,At Risk
14576,2010-12-02 17:51:00,1,35.400000000000006,372,1,1,1,3,Lost
14577,2011-11-27 12:47:00,4,859.71,13,4,3,3,10,Loyal
14578,2011-12-06 17:18:00,1,168.63,3,4,1,1,6,Promising
14581,2011-11-23 12:39:00,1,138.6,17,4,1,1,6,Promising
14582,2011-10-30 11:56:00,1,114.11,41,3,1,1,5,Promising
14583,2011-12-04 12:32:00,5,1052.55,6,4,4,3,11,Loyal
14584,2011-06-23 18:33:00,4,1042.26,169,1,3,3,7,At Risk
14585,2011-10-20 14:33:00,1,157.05,50,3,1,1,5,Promising
14586,2011-03-08 10:04:00,1,237.36,277,1,1,1,3,Lost
14587,2011-11-21 11:34:00,9,1601.14,19,3,4,3,10,Loyal
14589,2010-12-03 11:42:00,1,39.75,372,1,1,1,3,Lost
14591,2011-11-24 13:57:00,4,1447.14,15,4,3,3,10,Loyal
14592,2011-11-04 16:35:00,3,570.46,35,3,3,2,8,Loyal
14593,2011-11-18 12:48:00,3,617.99,22,3,3,2,8,Loyal
14594,2011-12-02 13:28:00,2,379.83,7,4,2,2,8,Promising
14595,2011-11-20 12:12:00,6,1740.6,20,3,4,4,11,Loyal
14597,2011-11-28 13:13:00,2,883.15,11,4,2,3,9,Promising
14598,2011-10-26 13:19:00,1,221.97,44,3,1,1,5,Promising
14600,2011-02-07 09:48:00,1,393.33000000000004,306,1,1,2,4,Lost
14601,2011-11-29 09:48:00,1,213.96,11,4,1,1,6,Promising
14603,2011-03-10 10:27:00,1,660.0,275,1,1,2,4,Lost
14606,2011-12-08 19:28:00,90,12006.65,1,4,4,4,12,Champions
14607,2011-11-24 10:35:00,12,15021.5,16,4,4,4,12,Champions
14608,2011-12-05 16:52:00,4,1785.15,4,4,3,4,11,Loyal
14609,2011-09-28 12:54:00,4,601.56,72,2,3,2,7,At Risk
14616,2011-04-11 09:54:00,3,406.08000000000004,243,1,3,2,6,At Risk
14618,2011-11-30 13:45:00,3,553.44,9,4,3,2,9,Loyal
14619,2011-04-08 07:37:00,1,394.44,246,1,1,2,4,Lost
14620,2011-05-18 11:58:00,2,412.78000000000003,206,1,2,2,5,Needs Attention
14621,2011-12-08 16:22:00,5,1788.3600000000001,1,4,4,4,12,Champions
14622,2011-06-08 12:42:00,1,320.58000000000004,185,1,1,2,4,Lost
14623,2011-11-07 13:56:00,5,884.57,32,3,4,3,10,Loyal
14624,2011-10-13 13:44:00,2,225.85,57,2,2,1,5,Needs Attention
14625,2011-05-27 15:32:00,2,899.63,196,1,2,3,6,Needs Attention
14626,2011-11-16 10:37:00,4,2791.27,24,3,3,4,10,Loyal
14628,2011-09-09 14:58:00,2,671.96,91,2,2,3,7,Needs Attention
14629,2011-12-05 16:55:00,2,959.01,4,4,2,3,9,Promising
14631,2011-10-20 11:17:00,3,1006.98,51,3,3,3,9,Loyal
14632,2011-03-22 08:49:00,1,114.56,263,1,1,1,3,Lost
14633,2011-03-18 17:07:00,1,344.90000000000003,266,1,1,2,4,Lost
14636,2011-11-03 16:12:00,2,609.85,36,3,2,2,7,Promising
14638,2011-10-20 10:10:00,1,443.6,51,3,1,2,6,Promising
14639,2011-10-18 15:06:00,6,2984.49,52,2,4,4,10,At Risk
14640,2011-11-15 13:07:00,6,2125.08,24,3,4,4,11,Loyal
14641,2011-11-18 10:42:00,1,110.46,22,3,1,1,5,Promising
14642,2011-10-12 11:08:00,1,96.12,59,2,1,1,4,Needs Attention
14643,2011-06-22 14:41:00,2,693.8100000000001,170,1,2,3,6,Needs Attention
14644,2011-10-03 08:30:00,2,830.76,68,2,2,3,7,Needs Attention
14645,2011-07-06 09:15:00,2,597.09,157,1,2,2,5,Needs Attention
14646,2011-12-08 12:12:00,72,279138.02,2,4,4,4,12,Champions
14647,2011-05-22 13:40:00,1,243.22,201,1,1,1,3,Lost
14649,2011-12-05 12:30:00,4,1417.29,5,4,3,3,10,Loyal
14651,2011-10-03 15:52:00,2,654.6,67,2,2,2,6,Needs Attention
14652,2011-09-23 14:21:00,1,114.18,77,2,1,1,4,Needs Attention
14653,2011-12-08 13:45:00,7,1937.6,1,4,4,4,12,Champions
14655,2011-12-01 16:28:00,4,1932.23,8,4,3,4,11,Loyal
14656,2011-06-23 13:51:00,2,291.05,169,1,2,1,4,Needs Attention
14657,2011-11-22 12:47:00,4,848.22,18,4,3,3,10,Loyal
14658,2011-12-04 15:35:00,2,247.15,5,4,2,1,7,Promising
14659,2011-12-01 12:17:00,9,2529.93,9,4,4,4,12,Champions
14660,2011-09-14 11:34:00,2,285.74,87,2,2,1,5,Needs Attention
14661,2011-11-13 11:51:00,1,107.95,27,3,1,1,5,Promising
14662,2011-11-11 12:13:00,4,771.17,29,3,3,3,9,Loyal
14664,2011-11-20 10:59:00,2,637.89,20,3,2,2,7,Promising
14665,2011-10-10 09:14:00,5,1835.7,61,2,4,4,10,At Risk
14666,2011-11-15 12:57:00,1,179.95,24,3,1,1,5,Promising
14667,2011-11-29 11:30:00,25,9236.95,11,4,4,4,12,Champions
14669,2011-04-12 11:43:00,3,1269.99,242,1,3,3,7,At Risk
14670,2011-03-04 14:13:00,2,411.53,280,1,2,2,5,Needs Attention
14672,2011-04-19 10:19:00,2,765.55,235,1,2,3,6,Needs Attention
14673,2011-12-06 14:31:00,5,1736.4,3,4,4,4,12,Champions
14675,2011-11-23 12:58:00,1,604.75,16,4,1,2,7,Promising
14676,2011-11-08 13:29:00,6,2548.2400000000002,31,3,4,4,11,Loyal
14680,2011-11-14 16:59:00,16,28754.11,25,3,4,4,11,Loyal
14681,2011-09-29 15:52:00,3,498.95,71,2,3,2,7,At Risk
14682,2011-06-05 12:12:00,2,52.0,188,1,2,1,4,Needs Attention
14684,2011-11-14 11:33:00,5,1236.28,26,3,4,3,10,Loyal
14687,2011-08-25 11:59:00,1,628.38,107,2,1,2,5,Needs Attention
14688,2011-12-02 12:26:00,21,5630.87,8,4,4,4,12,Champions
14689,2011-05-15 11:22:00,1,112.8,209,1,1,1,3,Lost
14690,2011-10-26 15:39:00,2,371.7,44,3,2,2,7,Promising
14691,2011-11-09 12:30:00,5,2114.33,31,3,4,4,11,Loyal
14692,2011-07-25 15:08:00,4,591.55,137,2,3,2,7,At Risk
14693,2011-03-20 12:50:00,1,172.9,265,1,1,1,3,Lost
14696,2011-12-05 13:43:00,7,2078.95,4,4,4,4,12,Champions
14697,2011-05-05 15:39:00,2,188.60999999999999,218,1,2,1,4,Needs Attention
14698,2011-12-08 12:26:00,5,1250.76,2,4,4,3,11,Loyal
14699,2011-05-09 14:54:00,1,109.13000000000001,214,1,1,1,3,Lost
14700,2011-11-07 14:40:00,3,2235.3,32,3,3,4,10,Loyal
14701,2011-11-29 12:38:00,9,2549.37,11,4,4,4,12,Champions
14702,2011-12-08 19:29:00,17,3292.14,1,4,4,4,12,Champions
14703,2011-11-25 09:23:00,1,318.17,15,4,1,2,7,Promising
14704,2011-11-20 12:20:00,7,1514.57,20,3,4,3,10,Loyal
14705,2011-05-25 12:39:00,1,179.0,199,1,1,1,3,Lost
14708,2011-12-07 08:21:00,3,1126.37,3,4,3,3,10,Loyal
14709,2011-11-24 15:41:00,13,4921.04,15,4,4,4,12,Champions
14710,2011-11-25 14:53:00,4,606.13,14,4,3,2,9,Loyal
14711,2011-11-29 14:58:00,11,2868.8,10,4,4,4,12,Champions
14712,2011-11-10 12:59:00,3,917.07,29,3,3,3,9,Loyal
14713,2011-11-30 16:26:00,11,2666.36,9,4,4,4,12,Champions
14714,2011-11-15 13:07:00,1,160.19,24,3,1,1,5,Promising
14715,2011-11-15 12:10:00,4,867.38,25,3,3,3,9,Loyal
14716,2011-10-27 17:29:00,2,329.68,43,3,2,2,7,Promising
14719,2011-12-08 12:43:00,5,1602.13,2,4,4,3,11,Loyal
14720,2011-12-04 12:02:00,3,663.81,6,4,3,2,9,Loyal
14722,2011-07-15 14:58:00,1,187.92000000000002,147,1,1,1,3,Lost
14723,2011-11-29 15:23:00,6,1156.6,10,4,4,3,11,Loyal
14725,2011-11-15 12:42:00,1,718.08,25,3,1,3,7,Promising
14727,2011-03-10 14:45:00,1,268.58,274,1,1,1,3,Lost
14729,2010-12-01 12:43:00,1,313.49,374,1,1,2,4,Lost
14730,2011-12-08 14:39:00,8,2005.06,1,4,4,4,12,Champions
14731,2011-10-23 15:54:00,3,380.02,47,3,3,2,8,Loyal
14732,2011-12-01 14:34:00,8,2702.4900000000002,8,4,4,4,12,Champions
14733,2011-11-23 15:39:00,12,9585.91,16,4,4,4,12,Champions
14735,2011-12-06 12:09:00,31,6050.69,4,4,4,4,12,Champions
14737,2011-12-06 10:16:00,3,1164.55,4,4,3,3,10,Loyal
14738,2011-10-28 08:56:00,7,1314.45,43,3,4,3,10,Loyal
14739,2011-12-05 16:54:00,7,3902.28,4,4,4,4,12,Champions
14740,2011-05-26 18:17:00,3,1448.21,197,1,3,3,7,At Risk
14741,2011-11-28 08:48:00,6,1400.34,12,4,4,3,11,Loyal
14744,2011-11-23 12:51:00,7,1099.98,16,4,4,3,11,Loyal
14745,2011-08-19 10:05:00,5,1220.26,113,2,4,3,9,At Risk
14747,2011-04-04 14:09:00,1,328.2,249,1,1,2,4,Lost
14748,2011-11-10 18:33:00,5,1415.75,29,3,4,3,10,Loyal
14752,2011-10-27 11:55:00,1,389.64,44,3,1,2,6,Promising
14753,2011-09-13 14:50:00,1,563.15,87,2,1,2,5,Needs Attention
14754,2011-10-26 12:01:00,2,638.05,45,3,2,2,7,Promising
14755,2011-11-30 11:24:00,11,5010.28,10,4,4,4,12,Champions
14756,2011-11-24 18:13:00,1,738.96,15,4,1,3,8,Promising
14757,2011-09-25 14:36:00,1,420.5,75,2,1,2,5,Needs Attention
14758,2011-07-18 08:21:00,4,1484.06,145,1,3,3,7,At Risk
14759,2011-12-05 12:03:00,3,1625.97,5,4,3,3,10,Loyal
14760,2011-02-15 16:27:00,1,89.2,297,1,1,1,3,Lost
14761,2011-10-12 12:10:00,2,255.9,59,2,2,1,5,Needs Attention
14762,2011-03-21 08:20:00,1,300.52,264,1,1,1,3,Lost
14764,2011-10-24 11:54:00,1,278.3,47,3,1,1,5,Promising
14765,2011-11-10 19:53:00,3,254.11,29,3,3,1,7,Loyal
14766,2011-12-01 16:05:00,6,2473.37,8,4,4,4,12,Champions
14768,2011-11-22 12:54:00,2,192.60000000000002,17,4,2,1,7,Promising
14769,2011-12-07 10:24:00,8,10673.1,3,4,4,4,12,Champions
14770,2011-04-21 14:21:00,2,876.42,232,1,2,3,6,Needs Attention
14772,2011-08-19 15:04:00,1,139.26,112,2,1,1,4,Needs Attention
14775,2011-10-12 15:27:00,3,1011.9,58,2,3,3,8,At Risk
14776,2011-10-19 15:34:00,11,2538.3,51,3,4,4,11,Loyal
14778,2011-08-04 15:23:00,2,730.86,127,2,2,3,7,Needs Attention
14779,2011-03-04 12:42:00,3,386.15,281,1,3,2,6,At Risk
14780,2011-10-16 12:46:00,2,447.68,55,2,2,2,6,Needs Attention
14782,2011-01-24 11:12:00,1,200.10000000000002,320,1,1,1,3,Lost
14784,2011-11-13 13:30:00,2,289.99,26,3,2,1,6,Promising
14785,2011-11-29 13:21:00,2,77.4,10,4,2,1,7,Promising
14788,2011-12-02 17:06:00,2,679.4399999999999,7,4,2,3,9,Promising
14789,2011-11-11 08:59:00,1,197.64,29,3,1,1,5,Promising
14790,2011-11-23 09:28:00,4,745.06,17,4,3,3,10,Loyal
14792,2011-10-07 09:19:00,1,6.2,64,2,1,1,4,Needs Attention
14793,2011-11-18 14:50:00,1,228.99,21,3,1,1,5,Promising
14794,2011-12-07 10:11:00,7,1319.91,3,4,4,3,11,Loyal
14795,2011-06-26 13:04:00,1,131.45000000000002,166,1,1,1,3,Lost
14796,2011-12-08 15:31:00,17,8020.93,1,4,4,4,12,Champions
14798,2011-10-18 10:58:00,3,173.74,53,2,3,1,6,At Risk
14799,2011-10-19 16:16:00,1,157.7,51,3,1,1,5,Promising
14800,2011-10-23 12:46:00,12,4339.74,48,3,4,4,11,Loyal
14801,2011-10-09 15:24:00,1,193.14,61,2,1,1,4,Needs Attention
14803,2011-06-30 13:58:00,3,845.55,162,1,3,3,7,At Risk
14804,2011-12-01 11:20:00,1,353.27,9,4,1,2,7,Promising
14805,2011-11-24 16:20:00,4,554.65,15,4,3,2,9,Loyal
14806,2011-09-25 15:32:00,1,193.39000000000001,75,2,1,1,4,Needs Attention
14808,2011-10-31 12:21:00,8,2741.17,40,3,4,4,11,Loyal
14810,2011-10-30 11:19:00,11,2087.88,41,3,4,4,11,Loyal
14813,2010-12-05 11:57:00,2,155.43,370,1,2,1,4,Needs Attention
14815,2011-11-03 11:36:00,2,778.5,37,3,2,3,8,Promising
14816,2011-05-26 13:16:00,1,271.85,197,1,1,1,3,Lost
14817,2011-05-23 13:35:00,2,1110.34,200,1,2,3,6,Needs Attention
14818,2011-09-27 11:01:00,3,657.8,74,2,3,2,7,At Risk
14819,2011-10-06 13:41:00,2,272.07,64,2,2,1,5,Needs Attention
14820,2011-11-18 15:41:00,4,507.29,21,3,3,2,8,Loyal
14821,2010-12-08 08:43:00,1,48.800000000000004,367,1,1,1,3,Lost
14823,2011-06-12 13:12:00,3,321.43,180,1,3,2,6,At Risk
14824,2011-11-29 14:20:00,4,1127.71,10,4,3,3,10,Loyal
14825,2011-12-06 11:38:00,12,2226.91,4,4,4,4,12,Champions
14828,2011-05-27 10:16:00,3,2139.76,197,1,3,4,8,At Risk
14829,2011-11-10 16:16:00,4,697.55,29,3,3,3,9,Loyal
14830,2011-10-17 14:29:00,1,196.28,53,2,1,1,4,Needs Attention
14834,2011-11-22 10:30:00,6,1720.3,18,4,4,4,12,Champions
14836,2011-11-29 16:45:00,3,102.44999999999999,10,4,3,1,8,Loyal
14837,2011-09-11 10:58:00,4,1649.5,90,2,3,4,9,At Risk
14840,2011-03-17 12:00:00,1,62.85,268,1,1,1,3,Lost
14841,2011-10-17 15:03:00,6,3295.76,53,2,4,4,10,At Risk
14842,2011-10-27 12:37:00,4,2824.69,44,3,3,4,10,Loyal
14844,2011-10-07 10:41:00,4,3189.81,64,2,3,4,9,At Risk
14847,2011-07-14 10:52:00,1,309.4,149,1,1,2,4,Lost
14849,2011-11-18 10:58:00,25,7930.54,22,3,4,4,11,Loyal
14850,2011-02-01 11:21:00,1,325.75,312,1,1,2,4,Lost
14851,2011-11-16 14:20:00,2,511.35,23,3,2,2,7,Promising
14852,2011-10-12 13:20:00,6,2836.69,58,2,4,4,10,At Risk
14853,2011-11-15 16:56:00,2,475.8,24,3,2,2,7,Promising
14854,2011-09-22 17:00:00,7,2759.83,78,2,4,4,10,At Risk
14855,2011-08-12 14:02:00,2,645.65,119,2,2,2,6,Needs Attention
14856,2011-11-03 14:53:00,3,1311.3799999999999,36,3,3,3,9,Loyal
14857,2011-10-11 09:23:00,2,1173.12,60,2,2,3,7,Needs Attention
14859,2011-11-27 11:18:00,4,1353.74,13,4,3,3,10,Loyal
14860,2011-11-20 14:17:00,1,170.32,19,3,1,1,5,Promising
14861,2011-10-18 12:54:00,1,125.79,52,2,1,1,4,Needs Attention
14862,2011-11-14 10:01:00,2,841.1999999999999,26,3,2,3,8,Promising
14863,2011-11-10 15:04:00,1,266.76,29,3,1,1,5,Promising
14865,2011-12-02 16:25:00,2,52.2,7,4,2,1,7,Promising
14866,2011-11-29 11:45:00,11,14353.4,11,4,4,4,12,Champions
14867,2011-06-07 11:39:00,3,710.28,186,1,3,3,7,At Risk
14868,2011-12-06 14:49:00,8,2953.59,3,4,4,4,12,Champions
14869,2011-12-01 12:36:00,2,725.7,9,4,2,3,9,Promising
14870,2011-03-23 10:51:00,1,327.25,262,1,1,2,4,Lost
14871,2011-12-06 13:42:00,4,522.38,3,4,3,2,9,Loyal
14873,2011-05-13 13:52:00,1,519.68,210,1,1,2,4,Lost
14875,2011-08-24 12:20:00,2,1465.3200000000002,108,2,2,3,7,Needs Attention
14878,2011-11-27 11:15:00,9,1485.54,13,4,4,3,11,Loyal
14880,2011-09-23 13:42:00,3,706.19,77,2,3,3,8,At Risk
14881,2011-11-20 11:06:00,1,255.4,20,3,1,1,5,Promising
14882,2011-11-13 12:47:00,2,589.7,27,3,2,2,7,Promising
14883,2011-11-21 10:23:00,6,761.59,19,3,4,3,10,Loyal
14885,2011-07-31 12:05:00,1,765.3199999999999,132,2,1,3,6,Needs Attention
14886,2011-04-01 08:56:00,1,364.8,253,1,1,2,4,Lost
14887,2011-09-21 15:32:00,1,1862.0,79,2,1,4,7,Needs Attention
14888,2011-05-16 14:58:00,1,369.2,207,1,1,2,4,Lost
14889,2011-01-07 15:19:00,1,135.9,336,1,1,1,3,Lost
14890,2011-03-31 11:57:00,1,125.65,254,1,1,1,3,Lost
14891,2011-07-14 18:08:00,2,554.38,148,1,2,2,5,Needs Attention
14893,2011-11-30 12:31:00,2,1237.8500000000001,10,4,2,3,9,Promising
14894,2011-09-15 13:51:00,1,655.75,85,2,1,2,5,Needs Attention
14895,2011-12-02 09:23:00,20,11138.710000000001,8,4,4,4,12,Champions
14896,2011-05-19 10:20:00,2,468.77000000000004,205,1,2,2,5,Needs Attention
14897,2011-12-02 10:32:00,4,1366.38,8,4,3,3,10,Loyal
14898,2011-11-16 14:54:00,6,1303.52,23,3,4,3,10,Loyal
14901,2011-11-28 17:09:00,9,1421.29,11,4,4,3,11,Loyal
14902,2011-11-14 10:34:00,1,332.66,26,3,1,2,6,Promising
14903,2011-11-18 16:07:00,5,2810.63,21,3,4,4,11,Loyal
14904,2011-12-07 12:55:00,2,1025.44,2,4,2,3,9,Promising
14905,2011-07-05 12:41:00,2,616.15,158,1,2,2,5,Needs Attention
14907,2011-12-06 14:14:00,7,3501.1,3,4,4,4,12,Champions
14908,2011-09-26 12:56:00,1,277.8,74,2,1,1,4,Needs Attention
14910,2011-12-07 10:06:00,4,434.35,3,4,3,2,9,Loyal
14911,2011-12-08 15:54:00,199,140450.72,1,4,4,4,12,Champions
14912,2011-11-23 09:20:00,2,867.85,17,4,2,3,9,Promising
14913,2011-11-04 08:29:00,4,1227.43,36,3,3,3,9,Loyal
14915,2011-09-09 13:34:00,2,307.48,91,2,2,2,6,Needs Attention
14916,2011-09-30 09:20:00,4,1268.98,71,2,3,3,8,At Risk
14918,2011-08-16 11:50:00,2,1610.15,116,2,2,3,7,Needs Attention
14920,2011-05-11 10:32:00,2,977.77,213,1,2,3,6,Needs Attention
14921,2011-11-09 13:17:00,2,1316.07,30,3,2,3,8,Promising
14923,2011-10-20 11:51:00,1,749.1,51,3,1,3,7,Promising
14924,2011-04-08 09:25:00,1,310.05,246,1,1,2,4,Lost
14929,2011-11-07 17:21:00,1,223.88,32,3,1,1,5,Promising
14930,2011-08-23 10:31:00,3,2372.86,109,2,3,4,9,At Risk
14931,2011-12-05 10:19:00,4,964.6800000000001,5,4,3,3,10,Loyal
14932,2010-12-09 11:48:00,1,363.53,366,1,1,2,4,Lost
14934,2011-09-19 10:10:00,2,1890.94,82,2,2,4,8,Needs Attention
14935,2011-02-15 14:44:00,1,1784.71,297,1,1,4,6,Lost
14936,2011-11-06 10:30:00,8,8137.02,34,3,4,4,11,Loyal
14937,2011-10-14 12:29:00,3,1621.88,57,2,3,3,8,At Risk
14944,2011-11-10 09:10:00,12,5900.25,30,3,4,4,11,Loyal
14946,2011-11-25 13:33:00,1,100.9,14,4,1,1,6,Promising
14947,2011-09-28 15:48:00,2,290.82,72,2,2,1,5,Needs Attention
14948,2011-11-16 17:16:00,6,1101.97,23,3,4,3,10,Loyal
14950,2011-11-20 13:48:00,1,371.2,19,3,1,2,6,Promising
14951,2011-09-21 15:15:00,1,311.69,79,2,1,2,5,Needs Attention
14952,2011-10-11 10:33:00,11,8099.49,60,2,4,4,10,At Risk
14953,2011-11-14 14:59:00,1,289.82,25,3,1,1,5,Promising
14954,2011-11-27 14:30:00,1,336.17,12,4,1,2,7,Promising
14957,2011-03-31 17:59:00,1,58.49,253,1,1,1,3,Lost
14958,2011-07-15 14:20:00,3,499.68,147,1,3,2,6,At Risk
14959,2011-10-06 18:23:00,4,695.42,64,2,3,3,8,At Risk
14960,2011-12-01 12:54:00,2,221.27,8,4,2,1,7,Promising
14961,2011-11-29 09:42:00,9,7044.68,11,4,4,4,12,Champions
14962,2011-03-14 09:42:00,1,126.7,271,1,1,1,3,Lost
14963,2011-11-30 12:16:00,5,1487.8,10,4,4,3,11,Loyal
14964,2011-04-06 14:13:00,1,206.21,247,1,1,1,3,Lost
14965,2011-09-04 13:20:00,2,599.0,96,2,2,2,6,Needs Attention
14966,2011-11-25 12:20:00,1,191.32,15,4,1,1,6,Promising
14967,2011-10-21 11:06:00,1,463.8,50,3,1,2,6,Promising
14968,2011-11-09 13:58:00,1,147.59,30,3,1,1,5,Promising
14970,2011-10-02 13:44:00,4,1592.06,68,2,3,3,8,At Risk
14971,2011-11-04 17:07:00,3,1116.57,35,3,3,3,9,Loyal
14972,2011-08-03 14:54:00,1,114.77,128,2,1,1,4,Needs Attention
14973,2011-08-24 15:51:00,3,1314.45,107,2,3,3,8,At Risk
14974,2011-11-02 13:01:00,1,114.39,37,3,1,1,5,Promising
14975,2011-10-13 14:08:00,1,279.94,57,2,1,1,4,Needs Attention
14976,2011-10-13 16:33:00,6,774.86,57,2,4,3,9,At Risk
14978,2011-09-28 13:07:00,5,1931.42,72,2,4,4,10,At Risk
14981,2011-04-07 13:45:00,1,102.12,246,1,1,1,3,Lost
14984,2011-11-20 14:28:00,2,213.27,19,3,2,1,6,Promising
14985,2011-05-25 14:29:00,2,296.75,198,1,2,1,4,Needs Attention
14987,2011-11-24 09:59:00,2,326.4,16,4,2,2,8,Promising
14988,2011-05-12 12:05:00,1,334.54,212,1,1,2,4,Lost
14995,2011-11-01 11:39:00,2,233.23000000000002,39,3,2,1,6,Promising
14997,2011-10-24 13:28:00,3,546.1999999999999,46,3,3,2,8,Loyal
14998,2011-06-22 17:30:00,2,429.87,170,1,2,2,5,Needs Attention
15000,2011-10-23 11:42:00,1,490.52,48,3,1,2,6,Promising
15002,2011-08-16 10:44:00,4,1641.76,116,2,3,4,9,At Risk
15004,2011-07-15 14:05:00,1,1245.93,147,1,1,3,5,Lost
15005,2011-11-24 12:25:00,28,6314.87,16,4,4,4,12,Champions
15006,2011-10-19 15:08:00,1,497.14,51,3,1,2,6,Promising
15007,2011-07-03 16:00:00,1,156.91,159,1,1,1,3,Lost
15009,2011-11-27 13:35:00,3,1261.78,12,4,3,3,10,Loyal
15010,2011-11-04 12:42:00,1,308.94,36,3,1,2,6,Promising
15012,2011-10-17 12:22:00,2,423.04,54,2,2,2,6,Needs Attention
15014,2011-10-27 20:07:00,2,260.17,43,3,2,1,6,Promising
15016,2011-06-20 12:06:00,1,170.04,173,1,1,1,3,Lost
15017,2011-11-06 10:33:00,1,125.58,34,3,1,1,5,Promising
15018,2011-11-01 12:47:00,3,496.21000000000004,39,3,3,2,8,Loyal
15019,2011-03-18 12:35:00,1,266.0,267,1,1,1,3,Lost
15021,2011-12-01 11:53:00,9,1914.82,9,4,4,4,12,Champions
15022,2011-11-28 12:35:00,4,905.04,12,4,3,3,10,Loyal
15023,2011-12-06 17:23:00,11,6783.86,3,4,4,4,12,Champions
15024,2011-11-30 12:06:00,10,1661.33,10,4,4,4,12,Champions
15025,2011-11-06 15:20:00,1,377.01,33,3,1,2,6,Promising
15026,2011-09-20 13:52:00,3,464.2,80,2,3,2,7,At Risk
15027,2011-11-09 10:16:00,4,1066.1499999999999,31,3,3,3,9,Loyal
15028,2011-12-01 14:06:00,4,627.13,8,4,3,2,9,Loyal
15030,2011-09-29 10:50:00,2,518.28,72,2,2,2,6,Needs Attention
15031,2011-12-05 14:19:00,4,668.14,4,4,3,3,10,Loyal
15032,2011-03-28 15:03:00,3,4959.1,256,1,3,4,8,At Risk
15033,2011-12-05 12:40:00,10,2583.37,5,4,4,4,12,Champions
15034,2011-11-24 12:11:00,8,4308.61,16,4,4,4,12,Champions
15035,2011-09-11 11:08:00,1,252.73000000000002,90,2,1,1,4,Needs Attention
15036,2011-09-28 15:42:00,3,465.55,72,2,3,2,7,At Risk
15038,2011-10-12 11:33:00,6,705.49,59,2,4,3,9,At Risk
15039,2011-11-30 11:31:00,47,19914.44,10,4,4,4,12,Champions
15041,2011-06-22 16:16:00,1,180.35,170,1,1,1,3,Lost
15042,2011-05-24 16:25:00,1,135.93,199,1,1,1,3,Lost
15043,2011-11-08 14:26:00,1,537.0,31,3,1,2,6,Promising
15044,2011-11-20 13:20:00,17,7700.2300000000005,19,3,4,4,11,Loyal
15045,2011-07-11 11:33:00,2,735.66,152,1,2,3,6,Needs Attention
15046,2011-11-30 15:50:00,15,5194.82,9,4,4,4,12,Champions
15047,2011-03-15 10:49:00,1,343.62,270,1,1,2,4,Lost
15048,2011-10-05 14:55:00,4,384.05,65,2,3,2,7,At Risk
15049,2011-03-11 12:13:00,1,121.17000000000002,274,1,1,1,3,Lost
15050,2011-11-14 16:17:00,3,1782.09,25,3,3,4,10,Loyal
15051,2011-11-16 15:38:00,3,1391.61,23,3,3,3,9,Loyal
15052,2011-01-24 15:52:00,1,215.78,319,1,1,1,3,Lost
15053,2011-12-05 12:08:00,3,697.79,5,4,3,3,10,Loyal
15054,2011-11-27 15:02:00,2,302.1,12,4,2,1,7,Promising
15057,2011-03-09 15:17:00,2,1489.5,275,1,2,3,6,Needs Attention
15058,2011-11-14 14:57:00,11,2124.9900000000002,25,3,4,4,11,Loyal
15059,2011-10-30 11:35:00,9,1337.72,41,3,4,3,10,Loyal
15060,2011-12-01 13:47:00,4,301.84,8,4,3,1,8,Loyal
15061,2011-12-06 12:06:00,48,54534.14,4,4,4,4,12,Champions
15062,2011-09-29 16:51:00,4,987.86,71,2,3,3,8,At Risk
15063,2011-05-10 13:25:00,1,370.79999999999995,213,1,1,2,4,Lost
15065,2011-11-02 09:45:00,4,3158.13,38,3,3,4,10,Loyal
15066,2011-10-17 13:25:00,1,893.59,53,2,1,3,6,Needs Attention
15067,2011-09-22 13:20:00,3,1744.76,78,2,3,4,9,At Risk
15068,2011-10-24 14:47:00,2,553.36,46,3,2,2,7,Promising
15069,2011-06-13 14:16:00,1,1109.53,179,1,1,3,5,Lost
15070,2010-12-02 11:23:00,1,106.2,373,1,1,1,3,Lost
15071,2011-09-07 11:43:00,2,982.07,94,2,2,3,7,Needs Attention
15073,2011-11-30 10:44:00,3,1043.41,10,4,3,3,10,Loyal
15074,2011-08-26 14:45:00,1,748.87,105,2,1,3,6,Needs Attention
15075,2011-09-23 12:27:00,1,773.03,78,2,1,3,6,Needs Attention
15076,2011-06-20 08:23:00,1,880.85,173,1,1,3,5,Lost
15078,2011-12-02 15:41:00,32,9743.11,7,4,4,4,12,Champions
15079,2011-05-11 12:45:00,4,895.61,213,1,3,3,7,At Risk
15081,2011-11-17 17:08:00,5,504.8,22,3,4,2,9,Loyal
15083,2011-03-28 12:18:00,1,88.2,257,1,1,1,3,Lost
15087,2011-03-03 10:34:00,1,306.94,282,1,1,2,4,Lost
15088,2011-11-18 13:14:00,2,1160.07,21,3,2,3,8,Promising
15089,2011-11-29 16:31:00,6,2420.84,10,4,4,4,12,Champions
15090,2011-02-04 14:03:00,1,381.32,308,1,1,2,4,Lost
15091,2011-10-03 12:47:00,1,480.71,68,2,1,2,5,Needs Attention
15092,2011-05-08 14:10:00,2,457.81,215,1,2,2,5,Needs Attention
15093,2011-11-21 13:09:00,6,4597.02,18,4,4,4,12,Champions
15095,2011-08-28 12:01:00,4,1370.6,104,2,3,3,8,At Risk
15096,2011-10-28 10:27:00,1,219.39000000000001,43,3,1,1,5,Promising
15097,2011-12-05 14:03:00,1,248.08,4,4,1,1,6,Promising
15098,2011-06-10 15:33:00,3,39916.5,182,1,3,4,8,At Risk
15099,2011-09-16 13:13:00,1,410.48,84,2,1,2,5,Needs Attention
15100,2011-01-10 10:35:00,3,876.0,334,1,3,3,7,At Risk
15101,2011-12-01 10:18:00,2,317.53,9,4,2,2,8,Promising
15103,2011-11-08 14:53:00,2,703.36,31,3,2,3,8,Promising
15104,2011-05-27 12:29:00,2,1027.44,197,1,2,3,6,Needs Attention
15105,2011-11-21 16:54:00,7,2298.93,18,4,4,4,12,Champions
15106,2011-11-22 09:16:00,5,1422.52,18,4,4,3,11,Loyal
15107,2011-02-01 14:46:00,6,319.5,311,1,4,2,7,At Risk
15108,2011-07-21 10:24:00,3,1159.25,142,2,3,3,8,At Risk
15109,2011-04-08 09:58:00,1,484.95,246,1,1,2,4,Lost
15110,2011-11-16 11:16:00,4,996.1,24,3,3,3,9,Loyal
15111,2011-11-10 16:58:00,3,1567.48,29,3,3,3,9,Loyal
15113,2011-11-30 08:23:00,3,3608.94,10,4,3,4,11,Loyal
15114,2011-11-09 15:05:00,10,2760.56,30,3,4,4,11,Loyal
15115,2011-11-21 14:59:00,1,340.11,18,4,1,2,7,Promising
15116,2011-11-22 12:25:00,4,1352.75,18,4,3,3,10,Loyal
15117,2011-11-25 08:12:00,5,1551.78,15,4,4,3,11,Loyal
15118,2011-07-28 14:54:00,1,244.8,134,2,1,1,4,Needs Attention
15119,2011-04-08 09:08:00,1,266.4,246,1,1,1,3,Lost
15120,2011-07-29 09:48:00,1,358.82,134,2,1,2,5,Needs Attention
15121,2011-10-20 14:51:00,2,457.72,50,3,2,2,7,Promising
15122,2011-08-17 16:48:00,3,1633.78,114,2,3,4,9,At Risk
15123,2011-12-02 13:12:00,2,2199.31,7,4,2,4,10,Promising
15124,2011-11-17 10:09:00,2,184.19,23,3,2,1,6,Promising
15125,2011-11-14 13:57:00,15,11528.48,25,3,4,4,11,Loyal
15127,2011-10-05 10:30:00,1,406.53,66,2,1,2,5,Needs Attention
15128,2011-10-10 13:54:00,4,1471.0,60,2,3,3,8,At Risk
15129,2011-10-20 14:40:00,11,3447.4,50,3,4,4,11,Loyal
15130,2011-06-23 10:15:00,1,330.11,170,1,1,2,4,Lost
15132,2011-11-21 17:10:00,5,977.9300000000001,18,4,4,3,11,Loyal
15133,2011-08-04 10:44:00,3,982.42,128,2,3,3,8,At Risk
15134,2011-11-25 08:55:00,8,1387.99,15,4,4,3,11,Loyal
15135,2011-04-14 19:16:00,1,139.05,239,1,1,1,3,Lost
15136,2011-12-07 12:26:00,4,1286.7,3,4,3,3,10,Loyal
15139,2011-04-14 11:39:00,2,178.96,240,1,2,1,4,Needs Attention
15140,2011-10-18 14:07:00,7,2354.25,52,2,4,4,10,At Risk
15142,2011-10-24 12:51:00,1,498.74,46,3,1,2,6,Promising
15143,2011-04-28 12:03:00,1,259.45,226,1,1,1,3,Lost
15144,2011-12-01 15:12:00,17,6580.44,8,4,4,4,12,Champions
15145,2011-12-05 17:21:00,4,1194.73,4,4,3,3,10,Loyal
15146,2011-06-28 12:09:00,2,1327.16,165,1,2,3,6,Needs Attention
15147,2011-04-13 15:57:00,1,623.5,240,1,1,2,4,Lost
15148,2011-11-29 08:21:00,1,301.29,11,4,1,1,6,Promising
15149,2011-07-29 10:58:00,1,520.8000000000001,134,2,1,2,5,Needs Attention
15150,2011-11-22 12:52:00,10,5314.47,17,4,4,4,12,Champions
15152,2011-11-30 12:32:00,13,4745.69,10,4,4,4,12,Champions
15153,2011-11-08 17:09:00,1,329.25,31,3,1,2,6,Promising
15154,2011-09-25 16:05:00,1,296.42,75,2,1,1,4,Needs Attention
15156,2011-12-08 18:22:00,3,961.49,1,4,3,3,10,Loyal
15157,2011-12-06 11:28:00,3,1936.07,4,4,3,4,11,Loyal
15158,2011-10-25 13:53:00,1,401.40000000000003,45,3,1,2,6,Promising
15159,2011-12-08 12:05:00,30,18641.010000000002,2,4,4,4,12,Champions
15160,2010-12-17 14:15:00,1,158.16,357,1,1,1,3,Lost
15163,2011-11-21 13:10:00,2,304.47,18,4,2,1,7,Promising
15164,2011-10-02 12:05:00,3,843.05,69,2,3,3,8,At Risk
15165,2010-12-01 14:03:00,1,487.75,373,1,1,2,4,Lost
15167,2011-01-23 12:41:00,1,163.0,321,1,1,1,3,Lost
15168,2011-11-14 11:26:00,1,106.56,26,3,1,1,5,Promising
15171,2011-01-12 15:36:00,1,1289.5,331,1,1,3,5,Lost
15172,2011-12-01 11:51:00,5,1624.05,9,4,4,3,11,Loyal
15174,2011-01-21 09:06:00,1,135.75,323,1,1,1,3,Lost
15175,2011-09-29 11:31:00,1,224.14,72,2,1,1,4,Needs Attention
15178,2011-03-24 15:12:00,1,40.5,260,1,1,1,3,Lost
15179,2011-11-21 12:53:00,5,2206.95,18,4,4,4,12,Champions
15180,2010-12-07 14:57:00,1,87.5,367,1,1,1,3,Lost
15181,2011-10-04 13:58:00,3,689.4799999999999,66,2,3,3,8,At Risk
15182,2011-07-08 13:37:00,2,622.85,154,1,2,2,5,Needs Attention
15184,2011-11-10 13:41:00,2,406.76,29,3,2,2,7,Promising
15185,2011-09-30 14:06:00,1,310.62,70,2,1,2,5,Needs Attention
15186,2011-11-25 14:58:00,2,411.41,14,4,2,2,8,Promising
15187,2011-12-08 11:56:00,15,4762.18,2,4,4,4,12,Champions
15189,2011-12-08 13:22:00,41,16225.39,1,4,4,4,12,Champions
15192,2011-08-12 11:41:00,3,1044.32,120,2,3,3,8,At Risk
15193,2011-10-10 08:23:00,1,499.32,61,2,1,2,5,Needs Attention
15194,2011-12-06 15:10:00,15,7616.53,3,4,4,4,12,Champions
15195,2011-12-07 12:20:00,1,3861.0,3,4,1,4,9,Promising
15197,2011-11-29 10:00:00,3,1079.6100000000001,11,4,3,3,10,Loyal
15198,2011-09-08 14:42:00,2,193.64,92,2,2,1,5,Needs Attention
15199,2011-10-11 15:12:00,4,1268.7,59,2,3,3,8,At Risk
15201,2011-09-13 14:53:00,5,1236.54,87,2,4,3,9,At Risk
15203,2011-11-14 08:16:00,6,1827.8,26,3,4,4,11,Loyal
15204,2010-12-17 13:49:00,1,316.58,357,1,1,2,4,Lost
15205,2011-09-15 19:36:00,2,653.24,85,2,2,2,6,Needs Attention
15206,2011-11-29 13:41:00,4,420.29999999999995,10,4,3,2,9,Loyal
15208,2011-12-08 17:24:00,5,870.12,1,4,4,3,11,Loyal
15210,2011-04-28 16:11:00,1,331.18,225,1,1,2,4,Lost
15211,2011-10-10 13:31:00,2,894.4100000000001,60,2,2,3,7,Needs Attention
15212,2011-04-12 13:45:00,1,101.8,241,1,1,1,3,Lost
15213,2011-01-25 12:21:00,2,328.35,319,1,2,2,5,Needs Attention
15214,2011-12-08 12:07:00,8,1661.44,2,4,4,4,12,Champions
15215,2011-10-24 11:41:00,3,734.94,47,3,3,3,9,Loyal
15216,2011-09-13 11:41:00,1,96.6,88,2,1,1,4,Needs Attention
15218,2011-11-29 11:48:00,11,5756.89,11,4,4,4,12,Champions
15219,2011-06-16 16:57:00,1,305.75,176,1,1,1,3,Lost
15220,2011-10-19 12:39:00,6,1778.96,52,2,4,4,10,At Risk
15221,2010-12-08 13:08:00,1,403.25,366,1,1,2,4,Lost
15222,2011-01-25 08:03:00,1,585.0,319,1,1,2,4,Lost
15223,2011-04-28 11:31:00,2,755.75,226,1,2,3,6,Needs Attention
15224,2010-12-16 15:02:00,2,322.08,358,1,2,2,5,Needs Attention
15225,2011-04-19 14:51:00,1,409.40000000000003,234,1,1,2,4,Lost
15226,2011-02-02 11:41:00,1,154.41,311,1,1,1,3,Lost
15227,2011-11-03 11:59:00,5,1219.4,37,3,4,3,10,Loyal
15228,2011-10-04 13:56:00,4,3386.71,66,2,3,4,9,At Risk
15230,2011-04-14 14:39:00,2,429.6,239,1,2,2,5,Needs Attention
15232,2011-08-18 16:27:00,2,612.06,113,2,2,2,6,Needs Attention
15234,2011-03-08 08:53:00,1,197.0,277,1,1,1,3,Lost
15235,2011-05-06 09:44:00,12,2247.51,218,1,4,4,9,At Risk
15236,2011-02-14 10:52:00,1,321.05,299,1,1,2,4,Lost
15237,2011-12-08 09:46:00,4,1412.32,2,4,3,3,10,Loyal
15238,2011-11-10 14:28:00,3,1071.99,29,3,3,3,9,Loyal
15239,2011-11-29 14:14:00,2,780.59,10,4,2,3,9,Promising
15240,2011-10-26 09:50:00,5,1706.57,45,3,4,4,11,Loyal
15241,2011-10-04 09:05:00,8,1756.44,67,2,4,4,10,At Risk
15243,2011-09-26 14:12:00,1,316.68,74,2,1,2,5,Needs Attention
15244,2011-10-05 13:19:00,2,631.57,65,2,2,2,6,Needs Attention
15245,2011-07-28 18:56:00,3,2515.84,134,2,3,4,9,At Risk
15246,2011-04-15 14:45:00,2,514.15,238,1,2,2,5,Needs Attention
15247,2011-08-09 12:52:00,1,356.0,122,2,1,2,5,Needs Attention
15249,2011-11-08 11:45:00,13,6688.46,32,3,4,4,11,Loyal
15251,2011-11-30 15:02:00,11,10484.99,9,4,4,4,12,Champions
15252,2011-11-03 13:30:00,2,740.78,36,3,2,3,8,Promising
15253,2011-11-23 16:22:00,5,918.1999999999999,16,4,4,3,11,Loyal
15254,2011-08-04 15:04:00,1,300.36,127,2,1,1,4,Needs Attention
15255,2011-10-04 12:43:00,1,890.85,67,2,1,3,6,Needs Attention
15256,2011-07-14 11:47:00,1,98.45,149,1,1,1,3,Lost
15257,2011-03-01 12:58:00,1,317.15,283,1,1,2,4,Lost
15258,2011-06-24 12:30:00,2,623.16,169,1,2,2,5,Needs Attention
15260,2011-08-31 13:55:00,7,1810.77,100,2,4,4,10,At Risk
15261,2011-07-27 15:20:00,1,254.82,135,2,1,1,4,Needs Attention
15262,2011-01-20 12:16:00,1,178.95000000000002,324,1,1,1,3,Lost
15263,2011-08-25 10:26:00,1,156.51,107,2,1,1,4,Needs Attention
15264,2011-10-06 13:49:00,1,393.74,64,2,1,2,5,Needs Attention
15265,2011-07-11 14:46:00,2,1506.1200000000001,151,1,2,3,6,Needs Attention
15266,2011-01-05 13:40:00,1,119.3,338,1,1,1,3,Lost
15267,2011-11-17 15:59:00,5,1717.36,22,3,4,4,11,Loyal
15269,2011-11-16 09:32:00,1,408.8,24,3,1,2,6,Promising
15270,2011-11-24 09:24:00,7,2379.49,16,4,4,4,12,Champions
15271,2011-12-02 14:11:00,15,2507.07,7,4,4,4,12,Champions
15272,2011-10-13 12:59:00,2,721.94,57,2,2,3,7,Needs Attention
15274,2011-12-05 16:57:00,2,716.57,4,4,2,3,9,Promising
15275,2011-11-02 11:20:00,1,615.14,38,3,1,2,6,Promising
15276,2011-10-04 16:39:00,1,135.31,66,2,1,1,4,Needs Attention
15277,2011-10-24 10:08:00,1,255.89999999999998,47,3,1,1,5,Promising
15279,2010-12-20 10:48:00,1,290.51,355,1,1,1,3,Lost
15280,2011-06-20 17:14:00,1,113.12,172,1,1,1,3,Lost
15281,2011-10-12 09:10:00,9,2332.15,59,2,4,4,10,At Risk
15286,2011-10-21 11:08:00,1,240.55,50,3,1,1,5,Promising
15287,2011-11-17 15:34:00,2,486.69,22,3,2,2,7,Promising
15288,2011-10-27 16:58:00,5,2306.52,43,3,4,4,11,Loyal
15289,2011-11-10 13:49:00,3,939.78,29,3,3,3,9,Loyal
15290,2011-12-05 11:39:00,18,7943.22,5,4,4,4,12,Champions
15291,2011-11-14 11:02:00,14,4623.3,26,3,4,4,11,Loyal
15292,2011-05-22 15:00:00,1,180.94,201,1,1,1,3,Lost
15296,2011-10-20 11:47:00,6,3672.86,51,3,4,4,11,Loyal
15297,2011-11-29 16:32:00,3,641.94,10,4,3,2,9,Loyal
15298,2011-12-07 17:17:00,12,4799.9,2,4,4,4,12,Champions
15299,2011-10-03 14:19:00,6,3907.01,67,2,4,4,10,At Risk
15300,2011-10-06 17:08:00,1,496.44,64,2,1,2,5,Needs Attention
15301,2011-10-20 09:57:00,12,5070.35,51,3,4,4,11,Loyal
15303,2011-02-22 13:59:00,1,574.02,290,1,1,2,4,Lost
15304,2011-10-10 10:23:00,8,694.4000000000001,61,2,4,3,9,At Risk
15306,2011-10-06 12:56:00,3,1174.35,64,2,3,3,8,At Risk
15307,2011-09-05 11:38:00,1,205.3,96,2,1,1,4,Needs Attention
15308,2011-03-10 13:08:00,1,310.47,274,1,1,2,4,Lost
15311,2011-12-09 12:00:00,91,60767.9,1,4,4,4,12,Champions
15312,2011-09-25 13:10:00,4,924.85,75,2,3,3,8,At Risk
15313,2011-08-21 16:02:00,1,52.0,110,2,1,1,4,Needs Attention
15314,2011-05-24 14:39:00,1,327.97,199,1,1,2,4,Lost
15315,2011-10-06 12:51:00,2,570.5,64,2,2,2,6,Needs Attention
15316,2011-01-17 11:34:00,1,165.0,327,1,1,1,3,Lost
15318,2011-12-06 11:30:00,1,312.62,4,4,1,2,7,Promising
15319,2011-03-01 12:48:00,1,204.5,284,1,1,1,3,Lost
15320,2011-10-26 13:27:00,1,267.13,44,3,1,1,5,Promising
15321,2011-09-30 09:40:00,3,2748.31,71,2,3,4,9,At Risk
15322,2011-09-15 09:34:00,1,679.68,86,2,1,3,6,Needs Attention
15325,2011-08-28 11:55:00,1,162.29,104,2,1,1,4,Needs Attention
15326,2011-01-10 11:38:00,1,311.71,334,1,1,2,4,Lost
15327,2011-10-18 11:55:00,1,208.75,53,2,1,1,4,Needs Attention
15329,2011-10-31 15:36:00,3,1049.7,39,3,3,3,9,Loyal
15330,2011-11-07 17:50:00,2,714.96,32,3,2,3,8,Promising
15332,2010-12-08 14:43:00,4,1661.06,366,1,3,4,8,At Risk
15333,2011-05-15 13:27:00,1,1028.56,208,1,1,3,5,Lost
15334,2011-07-06 11:22:00,3,348.72,157,1,3,2,6,At Risk
15335,2011-10-17 12:50:00,1,173.97,54,2,1,1,4,Needs Attention
15339,2011-10-04 12:51:00,2,574.07,66,2,2,2,6,Needs Attention
15341,2011-09-20 09:40:00,1,2020.52,81,2,1,4,7,Needs Attention
15342,2011-08-02 10:19:00,1,406.09,130,2,1,2,5,Needs Attention
15343,2011-09-13 13:55:00,1,364.5,87,2,1,2,5,Needs Attention
15344,2011-12-09 10:45:00,3,563.94,1,4,3,2,9,Loyal
15345,2011-10-25 11:28:00,1,393.54,46,3,1,2,6,Promising
15346,2011-01-11 11:18:00,1,252.42000000000002,333,1,1,1,3,Lost
15347,2010-12-08 15:25:00,1,201.60000000000002,366,1,1,1,3,Lost
15348,2011-09-28 13:17:00,1,158.04,72,2,1,1,4,Needs Attention
15349,2011-07-04 16:06:00,2,473.81,158,1,2,2,5,Needs Attention
15350,2010-12-01 13:33:00,1,115.65,373,1,1,1,3,Lost
15351,2011-11-27 12:52:00,7,1960.1100000000001,12,4,4,4,12,Champions
15353,2011-03-30 12:15:00,2,777.02,255,1,2,3,6,Needs Attention
15355,2011-11-10 13:44:00,2,277.05,29,3,2,1,6,Promising
15356,2011-11-08 13:11:00,10,2766.5,31,3,4,4,11,Loyal
15358,2011-12-05 09:04:00,22,8347.2,5,4,4,4,12,Champions
15360,2011-10-31 09:35:00,1,427.93,40,3,1,2,6,Promising
15361,2010-12-13 09:52:00,1,418.92,362,1,1,2,4,Lost
15363,2010-12-02 12:28:00,1,326.0,373,1,1,2,4,Lost
15364,2011-09-05 09:46:00,2,913.19,96,2,2,3,7,Needs Attention
15365,2011-11-14 08:29:00,7,2314.32,26,3,4,4,11,Loyal
15366,2011-09-25 15:01:00,2,602.51,75,2,2,2,6,Needs Attention
15367,2011-10-13 14:13:00,4,1877.59,57,2,3,4,9,At Risk
15368,2011-11-18 14:42:00,1,446.94000000000005,21,3,1,2,6,Promising
15370,2011-10-30 10:58:00,7,2386.05,41,3,4,4,11,Loyal
15372,2011-07-25 16:39:00,1,2007.3999999999999,137,2,1,4,7,Needs Attention
15373,2011-12-01 15:05:00,12,2415.91,8,4,4,4,12,Champions
15374,2011-08-03 09:59:00,1,168.0,129,2,1,1,4,Needs Attention
15376,2011-10-30 15:04:00,3,1233.3600000000001,40,3,3,3,9,Loyal
15379,2011-06-23 13:13:00,7,3703.29,169,1,4,4,9,At Risk
15380,2011-12-01 12:13:00,5,1690.2600000000002,9,4,4,4,12,Champions
15381,2011-05-10 11:55:00,2,596.85,214,1,2,2,5,Needs Attention
15382,2011-11-25 10:58:00,6,5955.71,15,4,4,4,12,Champions
15384,2011-06-23 10:57:00,2,642.41,170,1,2,2,5,Needs Attention
15385,2011-10-30 15:11:00,1,316.88,40,3,1,2,6,Promising
15386,2011-06-06 13:47:00,1,394.14,186,1,1,2,4,Lost
15388,2011-03-14 13:53:00,1,140.54,270,1,1,1,3,Lost
15389,2011-06-20 16:18:00,1,500.0,172,1,1,2,4,Lost
15392,2011-12-05 11:01:00,4,1535.53,5,4,3,3,10,Loyal
15393,2011-11-23 16:48:00,2,231.86,16,4,2,1,7,Promising
15394,2011-11-30 11:49:00,4,2183.54,10,4,3,4,11,Loyal
15395,2011-01-18 12:40:00,1,107.45,326,1,1,1,3,Lost
15396,2011-08-19 10:56:00,1,288.18,113,2,1,1,4,Needs Attention
15397,2011-02-23 09:25:00,1,94.0,290,1,1,1,3,Lost
15398,2011-11-23 16:47:00,2,1345.53,16,4,2,3,9,Promising
15399,2011-12-08 13:04:00,3,815.77,1,4,3,3,10,Loyal
15400,2011-09-08 13:57:00,5,716.2,92,2,4,3,9,At Risk
15402,2011-07-14 12:17:00,2,626.35,149,1,2,2,5,Needs Attention
15405,2011-06-03 14:44:00,1,349.1,189,1,1,2,4,Lost
15406,2011-11-08 13:22:00,2,510.71000000000004,31,3,2,2,7,Promising
15407,2011-11-06 11:55:00,4,1056.44,34,3,3,3,9,Loyal
15408,2011-03-20 15:02:00,1,267.18,264,1,1,1,3,Lost
15410,2011-09-16 14:47:00,8,3450.84,84,2,4,4,10,At Risk
15411,2011-11-13 15:19:00,4,1358.88,26,3,3,3,9,Loyal
15412,2011-06-21 15:24:00,1,190.53,171,1,1,1,3,Lost
15414,2011-11-30 09:50:00,3,774.9000000000001,10,4,3,3,10,Loyal
15415,2011-01-30 14:13:00,1,572.8100000000001,313,1,1,2,4,Lost
15416,2011-10-06 09:38:00,4,3984.32,65,2,3,4,9,At Risk
15417,2011-09-15 15:26:00,1,508.8,85,2,1,2,5,Needs Attention
15419,2011-11-15 09:23:00,1,135.86,25,3,1,1,5,Promising
15421,2011-10-12 09:20:00,4,950.36,59,2,3,3,8,At Risk
15422,2011-01-20 16:17:00,2,97.7,323,1,2,1,4,Needs Attention
15423,2011-11-01 14:01:00,1,43.5,38,3,1,1,5,Promising
15424,2011-03-30 13:02:00,2,383.34,254,1,2,2,5,Needs Attention
15426,2011-11-20 15:36:00,5,1447.39,19,3,4,3,10,Loyal
15427,2011-11-06 14:29:00,3,1483.14,33,3,3,3,9,Loyal
15428,2011-11-24 16:54:00,1,93.78,15,4,1,1,6,Promising
15429,2011-11-13 12:28:00,2,397.35,27,3,2,2,7,Promising
15432,2011-11-16 16:30:00,1,171.19,23,3,1,1,5,Promising
15433,2011-05-10 10:45:00,2,533.3,214,1,2,2,5,Needs Attention
15434,2011-12-01 13:33:00,5,1041.48,8,4,4,3,11,Loyal
15435,2011-11-17 16:39:00,1,149.29,22,3,1,1,5,Promising
15436,2011-11-27 16:05:00,3,1122.53,12,4,3,3,10,Loyal
15437,2011-03-22 13:11:00,1,200.16,262,1,1,1,3,Lost
15438,2011-07-31 14:19:00,1,156.57999999999998,131,2,1,1,4,Needs Attention
15440,2011-10-16 12:16:00,3,383.68,55,2,3,2,7,At Risk
15442,2011-04-05 12:24:00,1,594.0,249,1,1,2,4,Lost
15443,2011-12-08 10:40:00,7,3236.91,2,4,4,4,12,Champions
15444,2011-11-30 17:37:00,2,1418.26,9,4,2,3,9,Promising
15445,2011-03-20 15:06:00,1,113.5,264,1,1,1,3,Lost
15447,2011-01-13 11:26:00,1,155.17,331,1,1,1,3,Lost
15448,2011-01-31 10:42:00,1,494.64,313,1,1,2,4,Lost
15449,2011-11-13 15:02:00,3,974.52,26,3,3,3,9,Loyal
15450,2011-11-09 17:11:00,1,429.84,30,3,1,2,6,Promising
15452,2011-11-10 12:13:00,3,538.73,30,3,3,2,8,Loyal
15453,2011-12-08 10:59:00,7,1388.37,2,4,4,3,11,Loyal
15454,2010-12-12 14:21:00,1,179.1,362,1,1,1,3,Lost
15456,2011-03-01 13:51:00,3,447.22,283,1,3,2,6,At Risk
15457,2011-03-22 15:31:00,1,237.07,262,1,1,1,3,Lost
15458,2011-11-14 13:08:00,1,161.64,25,3,1,1,5,Promising
15460,2010-12-20 16:08:00,1,216.76,354,1,1,1,3,Lost
15462,2011-09-06 13:11:00,3,234.6,94,2,3,1,6,At Risk
15463,2011-11-10 12:57:00,1,126.14,29,3,1,1,5,Promising
15464,2011-01-05 15:56:00,1,1048.85,338,1,1,3,5,Lost
15465,2011-11-20 10:11:00,18,7354.62,20,3,4,4,11,Loyal
15466,2011-09-15 14:08:00,1,334.53,85,2,1,2,5,Needs Attention
15467,2011-11-30 14:17:00,3,524.88,9,4,3,2,9,Loyal
15468,2011-10-19 13:49:00,2,467.51,51,3,2,2,7,Promising
15469,2011-10-20 16:21:00,2,538.55,50,3,2,2,7,Promising
15471,2011-12-07 14:12:00,1,469.48,2,4,1,2,7,Promising
15472,2011-08-18 15:17:00,1,371.56,113,2,1,2,5,Needs Attention
15473,2011-11-25 15:15:00,7,1771.2,14,4,4,4,12,Champions
15475,2011-09-23 15:20:00,1,454.10999999999996,77,2,1,2,5,Needs Attention
15478,2011-10-30 14:19:00,2,1441.42,40,3,2,3,8,Promising
15480,2011-08-15 14:32:00,1,905.5,116,2,1,3,6,Needs Attention
15482,2011-11-24 10:46:00,11,11014.96,16,4,4,4,12,Champions
15483,2011-07-01 13:07:00,4,233.81,161,1,3,1,5,At Risk
15484,2011-12-08 15:03:00,4,3594.31,1,4,3,4,11,Loyal
15485,2011-11-09 14:31:00,3,2575.0,30,3,3,4,10,Loyal
15488,2011-09-08 10:11:00,1,91.32000000000001,93,2,1,1,4,Needs Attention
15489,2011-11-17 08:53:00,3,1134.28,23,3,3,3,9,Loyal
15491,2011-09-05 15:56:00,6,3100.09,95,2,4,4,10,At Risk
15492,2011-11-11 14:53:00,2,659.4599999999999,28,3,2,2,7,Promising
15493,2011-11-07 12:04:00,5,2001.8,33,3,4,4,11,Loyal
15494,2011-11-18 14:51:00,2,1299.23,21,3,2,3,8,Promising
15497,2011-11-22 11:51:00,2,1262.2,18,4,2,3,9,Promising
15498,2011-12-07 12:48:00,27,13316.4,3,4,4,4,12,Champions
15500,2011-12-01 13:47:00,4,1131.56,8,4,3,3,10,Loyal
15502,2011-11-24 12:48:00,10,6923.98,16,4,4,4,12,Champions
15503,2010-12-12 10:57:00,1,147.09,363,1,1,1,3,Lost
15504,2011-09-19 13:45:00,1,52.83,81,2,1,1,4,Needs Attention
15505,2011-10-18 07:56:00,5,3610.96,53,2,4,4,10,At Risk
15506,2011-11-17 12:11:00,3,979.26,23,3,3,3,9,Loyal
15507,2011-06-21 11:19:00,1,492.36,172,1,1,2,4,Lost
15508,2011-06-03 15:43:00,6,1000.27,189,1,4,3,8,At Risk
15510,2011-01-13 12:10:00,1,250.0,331,1,1,1,3,Lost
15511,2011-11-28 09:43:00,5,909.23,12,4,4,3,11,Loyal
15512,2011-07-07 10:20:00,2,121.0,156,1,2,1,4,Needs Attention
15513,2011-11-06 14:36:00,19,14758.220000000001,33,3,4,4,11,Loyal
15514,2011-11-27 14:40:00,11,4139.46,12,4,4,4,12,Champions
15516,2011-10-26 10:51:00,3,62.43,45,3,3,1,7,Loyal
15517,2011-04-20 14:02:00,1,267.03,233,1,1,1,3,Lost
15518,2011-10-06 13:05:00,8,1942.45,64,2,4,4,10,At Risk
15520,2011-12-08 10:58:00,1,343.5,2,4,1,2,7,Promising
15521,2011-10-30 13:42:00,8,3000.2,40,3,4,4,11,Loyal
15522,2011-11-07 11:26:00,2,398.84,33,3,2,2,7,Promising
15523,2011-09-16 16:29:00,1,412.01000000000005,84,2,1,2,5,Needs Attention
15524,2011-11-15 12:09:00,1,440.0,25,3,1,2,6,Promising
15525,2011-12-07 14:43:00,3,823.42,2,4,3,3,10,Loyal
15526,2011-11-06 15:04:00,2,148.44,33,3,2,1,6,Promising
15527,2011-11-21 12:17:00,8,2429.78,19,3,4,4,11,Loyal
15528,2011-03-30 16:14:00,1,229.33,254,1,1,1,3,Lost
15529,2011-11-17 11:29:00,11,3992.68,23,3,4,4,11,Loyal
15530,2011-11-18 12:25:00,4,1502.35,22,3,3,3,9,Loyal
15531,2011-12-01 18:43:00,2,2007.44,8,4,2,4,10,Promising
15532,2011-11-14 14:51:00,4,1571.03,25,3,3,3,9,Loyal
15533,2011-11-20 15:35:00,3,807.57,19,3,3,3,9,Loyal
15535,2011-06-19 16:02:00,4,536.4,173,1,3,2,6,At Risk
15537,2011-06-29 13:10:00,1,110.92,163,1,1,1,3,Lost
15539,2011-12-02 13:36:00,1,538.46,7,4,1,2,7,Promising
15540,2011-11-28 13:51:00,1,213.3,11,4,1,1,6,Promising
15541,2011-08-17 14:58:00,1,85.13000000000001,114,2,1,1,4,Needs Attention
15543,2011-02-24 15:26:00,1,127.86,288,1,1,1,3,Lost
15544,2011-11-30 16:43:00,9,3546.71,9,4,4,4,12,Champions
15545,2011-10-16 13:24:00,2,292.71999999999997,54,2,2,1,5,Needs Attention
15547,2011-12-02 12:52:00,14,4954.84,7,4,4,4,12,Champions
15549,2011-09-23 16:22:00,3,1689.51,77,2,3,4,9,At Risk
15550,2011-12-05 15:38:00,4,575.63,4,4,3,2,9,Loyal
15551,2011-11-03 12:37:00,1,436.06,37,3,1,2,6,Promising
15552,2011-05-06 14:47:00,1,90.12,217,1,1,1,3,Lost
15553,2011-10-10 14:02:00,1,437.23,60,2,1,2,5,Needs Attention
15554,2011-03-07 09:00:00,1,217.2,278,1,1,1,3,Lost
15555,2011-11-27 16:19:00,16,4802.18,12,4,4,4,12,Champions
15556,2011-11-15 16:08:00,1,279.77,24,3,1,1,5,Promising
15557,2011-11-11 12:46:00,1,473.65000000000003,29,3,1,2,6,Promising
15561,2011-11-28 11:07:00,4,800.59,12,4,3,3,10,Loyal
15562,2010-12-23 09:55:00,1,134.55,352,1,1,1,3,Lost
15563,2011-11-17 12:59:00,3,1361.44,22,3,3,3,9,Loyal
15565,2011-10-20 14:33:00,2,173.16,50,3,2,1,6,Promising
15567,2011-11-21 10:48:00,1,186.01,19,3,1,1,5,Promising
15568,2011-12-07 11:27:00,3,758.29,3,4,3,3,10,Loyal
15569,2011-08-28 10:15:00,5,1375.71,104,2,4,3,9,At Risk
15570,2011-12-02 14:47:00,12,4165.52,7,4,4,4,12,Champions
15571,2011-11-28 10:02:00,4,650.4300000000001,12,4,3,2,9,Loyal
15572,2011-12-05 10:09:00,7,2552.86,5,4,4,4,12,Champions
15573,2011-11-08 11:38:00,2,599.5,32,3,2,2,7,Promising
15574,2011-06-15 12:01:00,4,702.25,178,1,3,3,7,At Risk
15576,2011-11-02 12:03:00,1,940.6700000000001,38,3,1,3,7,Promising
15577,2011-07-11 17:03:00,3,258.88,151,1,3,1,5,At Risk
15578,2011-06-30 13:03:00,1,127.1,162,1,1,1,3,Lost
15579,2011-10-02 12:45:00,2,348.6,69,2,2,2,6,Needs Attention
15581,2011-07-06 14:04:00,10,721.63,156,1,4,3,8,At Risk
15582,2011-11-15 09:55:00,3,682.9100000000001,25,3,3,3,9,Loyal
15584,2011-11-16 10:55:00,4,725.11,24,3,3,3,9,Loyal
15585,2011-06-16 08:38:00,1,455.3,177,1,1,2,4,Lost
15587,2011-10-20 13:37:00,4,913.6800000000001,50,3,3,3,9,Loyal
15589,2011-03-29 09:54:00,3,478.53000000000003,256,1,3,2,6,At Risk
15592,2011-10-24 08:59:00,1,388.58,47,3,1,2,6,Promising
15593,2011-09-30 11:46:00,1,199.8,71,2,1,1,4,Needs Attention
15594,2011-11-24 08:53:00,5,1771.78,16,4,4,4,12,Champions
15596,2011-08-31 10:55:00,5,1406.59,101,2,4,3,9,At Risk
15597,2011-11-04 13:26:00,1,324.57,35,3,1,2,6,Promising
15598,2011-10-17 16:04:00,1,240.68,53,2,1,1,4,Needs Attention
15599,2011-11-13 11:44:00,2,761.74,27,3,2,3,8,Promising
15601,2011-11-28 15:15:00,14,6776.56,11,4,4,4,12,Champions
15602,2011-12-01 14:14:00,9,1297.8700000000001,8,4,4,3,11,Loyal
15603,2011-09-22 10:04:00,1,48.480000000000004,79,2,1,1,4,Needs Attention
15604,2011-10-18 14:47:00,1,216.39,52,2,1,1,4,Needs Attention
15605,2011-11-03 14:17:00,5,1198.23,36,3,4,3,10,Loyal
15606,2011-10-09 15:47:00,9,2920.16,61,2,4,4,10,At Risk
15607,2011-01-07 12:44:00,1,104.76,337,1,1,1,3,Lost
15608,2011-11-11 13:20:00,4,1093.68,28,3,3,3,9,Loyal
15609,2011-06-08 13:00:00,1,298.48,184,1,1,1,3,Lost
15610,2011-10-19 10:36:00,1,112.46000000000001,52,2,1,1,4,Needs Attention
15611,2011-11-30 12:36:00,11,1570.45,10,4,4,3,11,Loyal
15612,2011-11-03 14:52:00,2,195.15,36,3,2,1,6,Promising
15615,2011-11-29 14:42:00,23,10399.74,10,4,4,4,12,Champions
15618,2011-11-07 08:34:00,4,776.85,33,3,3,3,9,Loyal
15619,2011-11-29 08:14:00,1,336.40000000000003,11,4,1,2,7,Promising
15620,2011-10-14 12:41:00,3,1553.18,57,2,3,3,8,At Risk
15621,2011-12-05 14:01:00,4,1293.03,4,4,3,3,10,Loyal
15622,2011-10-27 16:44:00,9,3709.56,43,3,4,4,11,Loyal
15623,2011-07-21 17:26:00,1,301.03,141,2,1,1,4,Needs Attention
15624,2011-08-15 11:38:00,4,588.13,117,2,3,2,7,At Risk
15625,2011-08-28 10:21:00,4,1534.26,104,2,3,3,8,At Risk
15626,2011-09-26 10:03:00,2,675.8,75,2,2,3,7,Needs Attention
15628,2011-12-05 10:24:00,9,2870.2400000000002,5,4,4,4,12,Champions
15630,2011-10-25 15:36:00,2,1186.35,45,3,2,3,8,Promising
15632,2011-11-24 09:51:00,8,3285.31,16,4,4,4,12,Champions
15634,2011-11-22 16:28:00,1,243.55,17,4,1,1,6,Promising
15636,2011-09-11 11:17:00,2,724.76,90,2,2,3,7,Needs Attention
15637,2011-10-18 08:28:00,1,223.36,53,2,1,1,4,Needs Attention
15639,2011-07-28 14:30:00,1,425.32,134,2,1,2,5,Needs Attention
15640,2011-12-05 14:35:00,15,12515.66,4,4,4,4,12,Champions
15641,2011-08-26 14:04:00,4,1887.2,105,2,3,4,9,At Risk
15643,2011-06-01 07:38:00,3,664.0,192,1,3,2,6,At Risk
15644,2011-06-26 14:54:00,4,813.0,166,1,3,3,7,At Risk
15645,2011-11-21 11:55:00,1,611.59,19,3,1,2,6,Promising
15646,2011-07-05 09:53:00,3,447.64000000000004,158,1,3,2,6,At Risk
15648,2011-05-19 15:53:00,2,657.35,204,1,2,2,5,Needs Attention
15649,2011-01-07 13:34:00,2,816.0,336,1,2,3,6,Needs Attention
15651,2011-11-03 08:41:00,3,646.3,37,3,3,2,8,Loyal
15652,2011-09-09 14:22:00,1,337.74,91,2,1,2,5,Needs Attention
15653,2011-09-08 10:49:00,2,877.4399999999999,93,2,2,3,7,Needs Attention
15654,2011-11-30 13:08:00,2,922.53,9,4,2,3,9,Promising
15655,2011-04-10 15:25:00,1,560.67,243,1,1,2,4,Lost
15656,2011-10-25 14:56:00,4,748.5,45,3,3,3,9,Loyal
15657,2011-11-17 12:19:00,1,30.0,23,3,1,1,5,Promising
15658,2011-06-02 15:22:00,5,1024.1000000000001,190,1,4,3,8,At Risk
15659,2011-10-27 09:23:00,1,306.45,44,3,1,2,6,Promising
15660,2011-11-14 16:58:00,9,1600.86,25,3,4,3,10,Loyal
15661,2011-01-26 13:56:00,2,309.8,317,1,2,2,5,Needs Attention
15663,2011-08-25 15:50:00,1,138.14,106,2,1,1,4,Needs Attention
15664,2011-10-20 10:57:00,1,386.43,51,3,1,2,6,Promising
15665,2011-06-24 14:57:00,2,2242.01,168,1,2,4,7,Needs Attention
15667,2011-10-31 10:56:00,1,301.32,40,3,1,1,5,Promising
15668,2011-05-06 10:39:00,1,76.32000000000001,218,1,1,1,3,Lost
15669,2011-10-30 16:03:00,4,684.34,40,3,3,3,9,Loyal
15670,2011-02-16 10:50:00,1,173.05,297,1,1,1,3,Lost
15671,2011-11-21 12:43:00,7,2657.13,19,3,4,4,11,Loyal
15673,2011-09-12 16:12:00,4,2881.02,88,2,3,4,9,At Risk
15674,2011-09-27 15:17:00,4,2111.89,73,2,3,4,9,At Risk
15675,2011-09-19 13:48:00,3,323.69,81,2,3,2,7,At Risk
15676,2011-11-21 12:40:00,3,3435.76,19,3,3,4,10,Loyal
15677,2011-10-21 15:36:00,1,657.23,49,3,1,2,6,Promising
15678,2011-10-18 09:25:00,1,352.7,53,2,1,2,5,Needs Attention
15679,2011-11-15 16:19:00,4,781.28,24,3,3,3,9,Loyal
15680,2011-11-30 13:46:00,3,1333.68,9,4,3,3,10,Loyal
15681,2011-11-14 16:30:00,5,1426.16,25,3,4,3,10,Loyal
15683,2011-08-14 12:56:00,1,193.75,117,2,1,1,4,Needs Attention
15687,2011-12-01 08:33:00,9,2993.1,9,4,4,4,12,Champions
15689,2011-08-12 09:37:00,2,254.1,120,2,2,1,5,Needs Attention
15690,2011-12-05 15:59:00,2,239.76,4,4,2,1,7,Promising
15691,2011-04-01 15:13:00,1,136.8,252,1,1,1,3,Lost
15692,2011-11-11 14:12:00,1,191.04,28,3,1,1,5,Promising
15694,2011-12-09 09:44:00,13,6464.4,1,4,4,4,12,Champions
15695,2011-03-18 08:32:00,2,409.98,267,1,2,2,5,Needs Attention
15696,2011-11-06 14:02:00,8,2736.46,33,3,4,4,11,Loyal
15699,2011-11-22 08:26:00,1,309.65,18,4,1,2,7,Promising
15700,2011-06-20 16:53:00,2,696.68,172,1,2,3,6,Needs Attention
15701,2011-12-07 14:39:00,4,1542.14,2,4,3,3,10,Loyal
15703,2011-03-20 10:51:00,1,211.5,265,1,1,1,3,Lost
15704,2011-07-22 13:35:00,4,2293.62,140,2,3,4,9,At Risk
15705,2011-05-22 15:37:00,1,143.1,201,1,1,1,3,Lost
15706,2011-10-07 10:09:00,4,1060.56,64,2,3,3,8,At Risk
15707,2011-11-04 14:35:00,4,945.58,35,3,3,3,9,Loyal
15708,2011-10-30 10:54:00,7,3364.2400000000002,41,3,4,4,11,Loyal
15709,2011-03-01 10:38:00,1,133.25,284,1,1,1,3,Lost
15712,2011-11-30 14:09:00,5,1072.3600000000001,9,4,4,3,11,Loyal
15713,2011-07-19 13:34:00,2,356.7,143,2,2,2,6,Needs Attention
15714,2011-11-28 11:26:00,2,330.88,12,4,2,2,8,Promising
15716,2011-07-17 11:59:00,4,1118.81,146,1,3,3,7,At Risk
15717,2011-04-19 13:21:00,1,150.3,234,1,1,1,3,Lost
15719,2011-11-07 12:29:00,13,5043.96,33,3,4,4,11,Loyal
15720,2011-11-15 14:48:00,1,598.73,24,3,1,2,6,Promising
15721,2011-11-28 12:14:00,1,507.08,12,4,1,2,7,Promising
15722,2011-11-04 11:43:00,5,2222.56,36,3,4,4,11,Loyal
15723,2010-12-10 11:12:00,1,203.1,365,1,1,1,3,Lost
15724,2011-05-22 14:40:00,2,218.25,201,1,2,1,4,Needs Attention
15725,2011-11-24 14:51:00,1,415.25,15,4,1,2,7,Promising
15727,2011-11-23 12:36:00,7,5178.96,17,4,4,4,12,Champions
15729,2011-05-11 12:36:00,1,85.0,213,1,1,1,3,Lost
15730,2011-10-05 12:31:00,3,1120.88,66,2,3,3,8,At Risk
15732,2011-05-11 14:24:00,2,294.12,212,1,2,1,4,Needs Attention
15733,2011-03-02 09:05:00,1,162.3,283,1,1,1,3,Lost
15734,2011-08-17 10:50:00,2,1339.45,115,2,2,3,7,Needs Attention
15737,2011-11-25 11:21:00,8,1205.1200000000001,15,4,4,3,11,Loyal
15738,2011-11-21 08:26:00,16,4812.42,19,3,4,4,11,Loyal
15739,2011-10-04 13:42:00,1,449.12,66,2,1,2,5,Needs Attention
15740,2011-10-21 14:29:00,1,154.88,49,3,1,1,5,Promising
15743,2011-11-23 17:19:00,4,784.46,16,4,3,3,10,Loyal
15744,2011-09-23 09:52:00,1,34.8,78,2,1,1,4,Needs Attention
15745,2011-11-20 13:45:00,4,1094.59,19,3,3,3,9,Loyal
15746,2011-07-28 15:21:00,1,196.88,134,2,1,1,4,Needs Attention
15747,2011-11-27 12:26:00,3,974.04,13,4,3,3,10,Loyal
15748,2011-10-30 12:51:00,1,149.31,40,3,1,1,5,Promising
15749,2011-04-18 13:20:00,3,44534.3,235,1,3,4,8,At Risk
15750,2011-12-07 12:34:00,8,2465.48,3,4,4,4,12,Champions
15752,2011-10-31 11:37:00,7,2637.38,40,3,4,4,11,Loyal
15753,2011-02-08 12:41:00,1,79.2,305,1,1,1,3,Lost
15754,2011-10-19 14:40:00,3,458.57,51,3,3,2,8,Loyal
15755,2011-11-29 14:57:00,6,2364.25,10,4,4,4,12,Champions
15756,2011-10-09 13:30:00,4,532.96,61,2,3,2,7,At Risk
15757,2011-10-05 12:14:00,2,714.42,66,2,2,3,7,Needs Attention
15758,2011-11-15 10:48:00,1,205.25,25,3,1,1,5,Promising
15759,2011-05-05 15:13:00,3,253.04,218,1,3,1,5,At Risk
15762,2011-10-05 16:15:00,2,583.75,65,2,2,2,6,Needs Attention
15763,2011-11-08 09:44:00,2,1086.92,32,3,2,3,8,Promising
15764,2011-09-12 17:58:00,6,3279.97,88,2,4,4,10,At Risk
15766,2011-10-06 17:03:00,1,315.06,64,2,1,2,5,Needs Attention
15768,2011-08-16 10:48:00,3,621.8299999999999,116,2,3,2,7,At Risk
15769,2011-12-02 13:52:00,26,56252.72,7,4,4,4,12,Champions
15773,2011-12-04 12:48:00,1,635.6800000000001,6,4,1,2,7,Promising
15774,2011-10-02 12:04:00,1,270.8,69,2,1,1,4,Needs Attention
15775,2011-04-08 12:56:00,1,104.9,245,1,1,1,3,Lost
15776,2011-07-29 13:46:00,1,241.62,133,2,1,1,4,Needs Attention
15777,2011-04-12 16:43:00,4,1047.11,241,1,3,3,7,At Risk
15780,2011-06-09 12:01:00,3,475.28000000000003,184,1,3,2,6,At Risk
15781,2011-11-14 14:57:00,3,345.46,25,3,3,2,8,Loyal
15782,2011-11-30 10:49:00,3,2614.7400000000002,10,4,3,4,11,Loyal
15783,2011-11-29 09:50:00,1,246.3,11,4,1,1,6,Promising
15785,2011-11-07 11:33:00,5,2328.9700000000003,33,3,4,4,11,Loyal
15786,2011-10-24 14:13:00,3,4932.2,46,3,3,4,10,Loyal
15787,2011-11-13 14:55:00,3,948.05,26,3,3,3,9,Loyal
15789,2010-12-16 14:35:00,1,351.3,358,1,1,2,4,Lost
15790,2011-11-29 14:53:00,1,220.85,10,4,1,1,6,Promising
15791,2011-10-27 10:14:00,2,1612.69,44,3,2,3,8,Promising
15793,2011-11-25 09:31:00,3,965.61,15,4,3,3,10,Loyal
15795,2011-07-13 10:43:00,1,610.01,150,1,1,2,4,Lost
15796,2011-12-08 19:55:00,8,2710.56,1,4,4,4,12,Champions
15797,2011-08-18 17:04:00,3,2192.4,113,2,3,4,9,At Risk
15799,2011-09-25 12:46:00,3,884.14,76,2,3,3,8,At Risk
15800,2011-08-24 14:23:00,2,699.08,107,2,2,3,7,Needs Attention
15801,2011-10-24 13:52:00,3,1063.95,46,3,3,3,9,Loyal
15803,2011-10-19 14:56:00,1,415.82000000000005,51,3,1,2,6,Promising
15804,2011-12-09 12:31:00,13,4206.39,1,4,4,4,12,Champions
15805,2011-11-16 16:32:00,17,5528.4800000000005,23,3,4,4,11,Loyal
15806,2011-10-24 14:35:00,3,784.58,46,3,3,3,9,Loyal
15807,2011-10-20 14:10:00,3,903.9,50,3,3,3,9,Loyal
15808,2011-02-06 14:33:00,4,3734.9700000000003,306,1,3,4,8,At Risk
15809,2011-11-03 16:40:00,5,515.77,36,3,4,2,9,Loyal
15810,2011-09-22 09:38:00,4,1391.98,79,2,3,3,8,At Risk
15811,2011-11-17 15:31:00,6,2218.62,22,3,4,4,11,Loyal
15812,2011-08-24 14:19:00,5,1801.14,107,2,4,4,10,At Risk
15813,2011-05-16 08:13:00,2,1303.9099999999999,208,1,2,3,6,Needs Attention
15814,2011-11-23 08:17:00,4,1945.33,17,4,3,4,11,Loyal
15815,2011-10-07 12:42:00,5,2100.6,64,2,4,4,10,At Risk
15819,2011-10-21 14:50:00,4,1905.45,49,3,3,4,10,Loyal
15820,2011-01-24 12:00:00,1,206.98,320,1,1,1,3,Lost
15821,2011-10-26 15:48:00,2,570.96,44,3,2,2,7,Promising
15822,2011-12-06 14:50:00,2,885.47,3,4,2,3,9,Promising
15825,2011-06-20 13:27:00,1,532.94,172,1,1,2,4,Lost
15826,2011-10-14 16:05:00,3,1654.31,56,2,3,4,9,At Risk
15827,2011-09-27 15:35:00,14,1836.0900000000001,73,2,4,4,10,At Risk
15829,2011-09-01 16:45:00,2,636.14,99,2,2,2,6,Needs Attention
15830,2011-11-02 10:40:00,1,576.0,38,3,1,2,6,Promising
15831,2011-10-12 13:14:00,3,801.76,58,2,3,3,8,At Risk
15832,2011-03-30 15:29:00,1,836.79,254,1,1,3,5,Lost
15834,2011-09-30 14:41:00,4,2231.25,70,2,3,4,9,At Risk
15835,2011-10-26 15:47:00,4,954.09,44,3,3,3,9,Loyal
15836,2011-10-20 17:13:00,1,137.37,50,3,1,1,5,Promising
15837,2011-10-06 09:01:00,1,391.98,65,2,1,2,5,Needs Attention
15838,2011-11-28 14:00:00,19,33643.08,11,4,4,4,12,Champions
15839,2011-11-06 13:54:00,3,1048.49,33,3,3,3,9,Loyal
15840,2011-10-12 09:08:00,2,355.56,59,2,2,2,6,Needs Attention
15841,2011-09-28 12:15:00,4,1224.06,73,2,3,3,8,At Risk
15843,2011-02-09 10:19:00,1,118.95000000000002,304,1,1,1,3,Lost
15844,2011-10-24 15:19:00,1,130.73999999999998,46,3,1,1,5,Promising
15845,2011-11-22 09:42:00,8,3711.77,18,4,4,4,12,Champions
15847,2011-11-01 14:41:00,2,389.27,38,3,2,2,7,Promising
15850,2011-11-20 14:14:00,2,238.85,19,3,2,1,6,Promising
15852,2011-06-06 11:22:00,2,160.71,187,1,2,1,4,Needs Attention
15853,2011-10-19 10:38:00,1,110.8,52,2,1,1,4,Needs Attention
15854,2011-12-05 13:39:00,12,2974.65,4,4,4,4,12,Champions
15855,2011-07-26 10:20:00,5,712.24,137,2,4,3,9,At Risk
15856,2011-12-05 17:09:00,27,16386.31,4,4,4,4,12,Champions
15857,2011-11-21 12:18:00,1,297.0,19,3,1,1,5,Promising
15858,2011-11-24 12:48:00,5,1438.85,16,4,4,3,11,Loyal
15860,2011-10-30 11:25:00,8,977.21,41,3,4,3,10,Loyal
15861,2011-11-27 15:59:00,8,3165.36,12,4,4,4,12,Champions
15862,2011-12-01 13:28:00,4,832.88,8,4,3,3,10,Loyal
15863,2011-11-14 12:49:00,2,68.84,26,3,2,1,6,Promising
15864,2011-11-17 13:32:00,6,1936.3200000000002,22,3,4,4,11,Loyal
15865,2011-10-30 12:43:00,3,895.13,41,3,3,3,9,Loyal
15866,2011-08-30 14:09:00,1,230.53,101,2,1,1,4,Needs Attention
15867,2011-12-04 13:32:00,15,3806.1,5,4,4,4,12,Champions
15869,2011-03-07 17:23:00,2,149.64,277,1,2,1,4,Needs Attention
15870,2011-11-07 10:58:00,1,354.09000000000003,33,3,1,2,6,Promising
15872,2011-11-25 11:55:00,2,360.93,15,4,2,2,8,Promising
15874,2011-10-07 12:31:00,7,4405.88,64,2,4,4,10,At Risk
15877,2011-12-08 11:53:00,2,493.28,2,4,2,2,8,Promising
15880,2010-12-05 13:00:00,1,343.28000000000003,369,1,1,2,4,Lost
15881,2011-01-31 16:59:00,5,501.39000000000004,312,1,4,2,7,At Risk
15882,2011-05-25 11:35:00,4,514.08,199,1,3,2,6,At Risk
15883,2011-12-07 17:05:00,2,396.48,2,4,2,2,8,Promising
15885,2011-09-07 14:56:00,1,349.35,93,2,1,2,5,Needs Attention
15886,2011-10-10 14:25:00,1,181.09,60,2,1,1,4,Needs Attention
15888,2011-09-20 12:30:00,1,162.64,81,2,1,1,4,Needs Attention
15889,2011-07-06 11:10:00,2,427.57,157,1,2,2,5,Needs Attention
15891,2011-04-27 12:35:00,1,521.97,227,1,1,2,4,Lost
15894,2011-03-31 13:50:00,2,262.9,253,1,2,1,4,Needs Attention
15895,2011-07-13 10:27:00,1,179.17,150,1,1,1,3,Lost
15897,2011-05-29 13:50:00,2,222.05,194,1,2,1,4,Needs Attention
15898,2011-12-08 15:23:00,5,1388.88,1,4,4,3,11,Loyal
15899,2010-12-06 10:36:00,1,56.25,369,1,1,1,3,Lost
15900,2011-11-16 12:19:00,1,351.11,24,3,1,2,6,Promising
15901,2011-11-23 12:43:00,3,361.9,17,4,3,2,9,Loyal
15903,2011-11-30 08:08:00,7,5126.76,10,4,4,4,12,Champions
15904,2011-12-01 14:50:00,1,164.68,8,4,1,1,6,Promising
15906,2011-11-20 12:24:00,7,1567.69,20,3,4,3,10,Loyal
15907,2011-12-06 12:21:00,3,966.6,4,4,3,3,10,Loyal
15909,2011-06-19 10:38:00,1,191.94,174,1,1,1,3,Lost
15910,2011-12-09 10:51:00,8,1232.18,1,4,4,3,11,Loyal
15912,2011-06-14 14:29:00,2,264.62,178,1,2,1,4,Needs Attention
15916,2011-11-23 13:46:00,8,1528.09,16,4,4,3,11,Loyal
15917,2011-04-06 10:40:00,1,123.1,248,1,1,1,3,Lost
15918,2011-06-02 11:42:00,2,334.23,191,1,2,2,5,Needs Attention
15919,2011-11-20 11:28:00,2,639.89,20,3,2,2,7,Promising
15920,2011-07-08 15:25:00,3,163.55,154,1,3,1,5,At Risk
15921,2011-06-20 11:03:00,1,336.03000000000003,173,1,1,2,4,Lost
15922,2010-12-01 13:51:00,1,369.5,373,1,1,2,4,Lost
15923,2010-12-02 12:16:00,1,127.08,373,1,1,1,3,Lost
15925,2011-05-29 15:35:00,1,207.15,194,1,1,1,3,Lost
15930,2011-10-03 14:52:00,1,426.63,67,2,1,2,5,Needs Attention
15932,2011-12-05 17:13:00,8,2495.87,4,4,4,4,12,Champions
15933,2011-11-18 13:14:00,3,1107.46,21,3,3,3,9,Loyal
15935,2011-04-14 13:27:00,1,108.03999999999999,239,1,1,1,3,Lost
15937,2011-10-06 15:48:00,1,145.35,64,2,1,1,4,Needs Attention
15938,2011-08-19 12:56:00,5,404.58,112,2,4,2,8,At Risk
15939,2011-09-11 11:30:00,14,6100.01,90,2,4,4,10,At Risk
15940,2011-02-01 16:18:00,1,35.8,311,1,1,1,3,Lost
15942,2011-07-29 09:01:00,1,337.44,134,2,1,2,5,Needs Attention
15944,2011-03-08 10:33:00,1,325.1,277,1,1,2,4,Lost
15945,2010-12-09 13:14:00,1,181.0,365,1,1,1,3,Lost
15947,2011-09-18 10:46:00,1,1708.24,83,2,1,4,7,Needs Attention
15948,2011-12-01 15:32:00,2,955.24,8,4,2,3,9,Promising
15949,2011-11-23 09:09:00,2,364.72,17,4,2,2,8,Promising
15950,2011-11-08 11:09:00,4,1765.51,32,3,3,4,10,Loyal
15951,2011-12-01 08:34:00,2,708.22,9,4,2,3,9,Promising
15952,2011-11-06 11:18:00,4,806.57,34,3,3,3,9,Loyal
15953,2011-11-24 15:32:00,8,1659.3799999999999,15,4,4,4,12,Champions
15955,2011-11-15 14:15:00,14,4416.26,24,3,4,4,11,Loyal
15957,2011-11-08 12:14:00,1,428.89,32,3,1,2,6,Promising
15958,2011-09-26 13:41:00,1,104.35,74,2,1,1,4,Needs Attention
15963,2011-11-20 11:33:00,2,470.76,20,3,2,2,7,Promising
15965,2011-11-22 16:44:00,4,845.64,17,4,3,3,10,Loyal
15967,2011-11-16 15:41:00,2,418.83,23,3,2,2,7,Promising
15969,2011-12-07 11:06:00,3,666.1,3,4,3,2,9,Loyal
15970,2011-02-09 12:08:00,1,314.1,304,1,1,2,4,Lost
15971,2011-11-22 12:50:00,12,4194.9,18,4,4,4,12,Champions
15973,2010-12-08 11:42:00,1,307.82000000000005,367,1,1,2,4,Lost
15974,2011-10-31 13:13:00,7,3442.15,39,3,4,4,11,Loyal
15975,2011-09-16 13:33:00,1,371.01,84,2,1,2,5,Needs Attention
15976,2011-06-27 13:00:00,2,430.94,165,1,2,2,5,Needs Attention
15977,2011-11-22 13:29:00,2,1054.73,17,4,2,3,9,Promising
15978,2011-09-23 15:21:00,1,1098.78,77,2,1,3,6,Needs Attention
15980,2011-09-12 09:41:00,3,2398.86,89,2,3,4,9,At Risk
15981,2011-11-15 08:00:00,8,3408.48,25,3,4,4,11,Loyal
15983,2011-11-17 17:34:00,4,1475.02,22,3,3,3,9,Loyal
15984,2011-12-07 12:16:00,10,2837.67,3,4,4,4,12,Champions
15985,2011-08-08 16:31:00,2,1142.42,123,2,2,3,7,Needs Attention
15986,2011-11-09 15:17:00,1,168.12,30,3,1,1,5,Promising
15987,2011-11-27 15:38:00,7,1451.28,12,4,4,3,11,Loyal
15988,2011-11-20 13:23:00,1,158.03,19,3,1,1,5,Promising
15990,2011-10-26 15:58:00,2,792.11,44,3,2,3,8,Promising
15992,2011-12-06 11:00:00,1,41.989999999999995,4,4,1,1,6,Promising
15993,2011-12-01 10:45:00,7,2788.87,9,4,4,4,12,Champions
15994,2011-10-16 12:28:00,1,427.07,55,2,1,2,5,Needs Attention
15996,2011-09-12 15:14:00,6,1060.68,88,2,4,3,9,At Risk
15998,2011-11-03 12:45:00,5,3089.97,37,3,4,4,11,Loyal
16000,2011-12-07 12:17:00,3,12393.7,3,4,3,4,11,Loyal
16003,2011-11-10 09:57:00,5,2735.37,30,3,4,4,11,Loyal
16005,2011-11-27 13:47:00,4,615.39,12,4,3,2,9,Loyal
16006,2011-05-12 13:12:00,1,101.4,211,1,1,1,3,Lost
16007,2011-10-23 11:05:00,4,1701.94,48,3,3,4,10,Loyal
16008,2011-11-16 10:32:00,3,478.78,24,3,3,2,8,Loyal
16009,2011-11-17 16:51:00,4,992.71,22,3,3,3,9,Loyal
16010,2011-04-08 10:14:00,3,407.5,246,1,3,2,6,At Risk
16011,2011-12-01 16:31:00,16,3362.71,8,4,4,4,12,Champions
16012,2011-11-04 13:25:00,3,1415.29,35,3,3,3,9,Loyal
16013,2011-12-06 10:36:00,47,37130.6,4,4,4,4,12,Champions
16014,2011-11-02 12:04:00,3,662.38,38,3,3,2,8,Loyal
16015,2011-12-06 10:58:00,3,705.1,4,4,3,3,10,Loyal
16016,2011-12-06 14:35:00,8,1508.76,3,4,4,3,11,Loyal
16017,2011-10-23 12:56:00,1,211.88,47,3,1,1,5,Promising
16018,2011-10-31 14:13:00,2,408.90000000000003,39,3,2,2,7,Promising
16019,2011-10-24 11:51:00,9,3786.2400000000002,47,3,4,4,11,Loyal
16020,2011-11-23 11:18:00,3,851.01,17,4,3,3,10,Loyal
16022,2011-03-24 13:16:00,1,628.28,260,1,1,2,4,Lost
16023,2011-10-24 16:34:00,3,719.81,46,3,3,3,9,Loyal
16024,2011-11-27 13:26:00,1,245.96,12,4,1,1,6,Promising
16025,2011-11-10 11:45:00,1,439.65999999999997,30,3,1,2,6,Promising
16026,2011-10-27 13:53:00,1,236.09,43,3,1,1,5,Promising
16027,2011-09-09 10:47:00,6,934.62,92,2,4,3,9,At Risk
16029,2011-11-01 10:27:00,62,72882.09,39,3,4,4,11,Loyal
16030,2011-02-03 11:28:00,1,331.24,310,1,1,2,4,Lost
16031,2011-09-08 13:07:00,2,548.94,92,2,2,2,6,Needs Attention
16033,2011-12-04 12:44:00,20,8816.4,6,4,4,4,12,Champions
16034,2011-05-27 16:17:00,3,437.7,196,1,3,2,6,At Risk
16036,2011-09-13 14:53:00,2,758.92,87,2,2,3,7,Needs Attention
16037,2011-03-15 09:13:00,3,855.02,270,1,3,3,7,At Risk
16038,2011-12-02 12:40:00,3,471.78000000000003,8,4,3,2,9,Loyal
16040,2011-10-05 13:47:00,3,1313.55,65,2,3,3,8,At Risk
16041,2011-11-09 12:25:00,3,3166.4,31,3,3,4,10,Loyal
16042,2011-11-17 17:50:00,5,1197.27,22,3,4,3,10,Loyal
16043,2011-11-02 12:50:00,4,773.99,38,3,3,3,9,Loyal
16045,2011-08-12 12:41:00,4,1340.7,120,2,3,3,8,At Risk
16048,2010-12-01 15:28:00,2,256.44,373,1,2,1,4,Needs Attention
16049,2011-10-30 13:19:00,3,1111.79,40,3,3,3,9,Loyal
16050,2011-06-19 11:44:00,1,137.9,174,1,1,1,3,Lost
16052,2011-10-16 15:13:00,1,362.06,54,2,1,2,5,Needs Attention
16053,2011-11-07 11:21:00,2,1511.95,33,3,2,3,8,Promising
16054,2011-07-17 13:08:00,1,783.9,145,1,1,3,5,Lost
16055,2011-05-03 09:26:00,1,134.8,221,1,1,1,3,Lost
16056,2011-10-25 15:19:00,1,664.85,45,3,1,2,6,Promising
16057,2011-11-23 15:23:00,7,2263.12,16,4,4,4,12,Champions
16059,2011-10-05 09:56:00,6,1459.8600000000001,66,2,4,3,9,At Risk
16062,2011-11-30 12:15:00,4,1153.62,10,4,3,3,10,Loyal
16063,2011-03-24 14:56:00,1,335.32,260,1,1,2,4,Lost
16065,2010-12-09 13:03:00,1,372.09,365,1,1,2,4,Lost
16066,2011-11-23 11:54:00,5,1521.87,17,4,4,3,11,Loyal
16070,2011-11-17 15:50:00,2,852.15,22,3,2,3,8,Promising
16071,2011-10-26 11:14:00,1,326.24,45,3,1,2,6,Promising
16072,2011-02-24 14:32:00,1,584.3199999999999,288,1,1,2,4,Lost
16073,2011-02-15 15:41:00,1,122.39999999999999,297,1,1,1,3,Lost
16076,2011-12-06 14:59:00,10,2234.73,3,4,4,4,12,Champions
16078,2011-03-01 09:47:00,1,79.2,284,1,1,1,3,Lost
16079,2011-11-23 12:48:00,3,1352.0,17,4,3,3,10,Loyal
16080,2011-09-19 10:42:00,2,217.16,82,2,2,1,5,Needs Attention
16081,2011-10-14 13:06:00,5,2806.9,56,2,4,4,10,At Risk
16083,2011-08-31 10:47:00,2,1317.62,101,2,2,3,7,Needs Attention
16084,2011-02-13 16:05:00,1,436.18,299,1,1,2,4,Lost
16085,2011-11-16 13:24:00,5,981.51,23,3,4,3,10,Loyal
16086,2011-10-11 13:09:00,5,1121.39,59,2,4,3,9,At Risk
16091,2011-07-08 08:45:00,2,315.06,155,1,2,2,5,Needs Attention
16092,2011-08-17 10:46:00,3,817.86,115,2,3,3,8,At Risk
16093,2011-08-25 11:09:00,1,17.0,107,2,1,1,4,Needs Attention
16094,2011-11-28 12:45:00,4,1078.23,12,4,3,3,10,Loyal
16096,2011-03-20 13:38:00,1,320.62,264,1,1,2,4,Lost
16097,2011-04-13 13:47:00,1,185.04999999999998,240,1,1,1,3,Lost
16098,2011-09-13 09:59:00,7,2005.63,88,2,4,4,10,At Risk
16099,2011-10-20 13:13:00,3,731.9,50,3,3,3,9,Loyal
16101,2011-09-30 10:18:00,1,1290.7,71,2,1,3,6,Needs Attention
16102,2011-10-28 13:19:00,3,1842.14,42,3,3,4,10,Loyal
16103,2011-12-02 14:16:00,6,1429.64,7,4,4,3,11,Loyal
16104,2011-10-09 10:23:00,1,302.36,62,2,1,1,4,Needs Attention
16105,2011-04-05 10:13:00,1,336.96,249,1,1,2,4,Lost
16106,2011-10-05 10:37:00,1,108.38,66,2,1,1,4,Needs Attention
16107,2011-11-22 09:40:00,7,3204.1600000000003,18,4,4,4,12,Champions
16108,2011-09-16 11:48:00,1,842.5,85,2,1,3,6,Needs Attention
16109,2011-05-05 09:17:00,2,611.88,219,1,2,2,5,Needs Attention
16110,2011-10-25 14:35:00,3,1337.48,45,3,3,3,9,Loyal
16112,2011-07-19 14:28:00,4,195.73999999999998,143,2,3,1,6,At Risk
16113,2011-06-09 16:16:00,1,161.38,183,1,1,1,3,Lost
16114,2011-06-22 10:13:00,1,135.75000000000003,171,1,1,1,3,Lost
16115,2011-11-30 11:32:00,8,1667.97,10,4,4,4,12,Champions
16116,2011-05-12 12:01:00,1,612.78,212,1,1,2,4,Lost
16117,2011-06-03 11:42:00,1,232.21,190,1,1,1,3,Lost
16119,2011-12-01 15:11:00,2,423.36,8,4,2,2,8,Promising
16120,2011-10-11 14:22:00,4,1309.14,59,2,3,3,8,At Risk
16121,2011-10-13 12:59:00,2,867.11,57,2,2,3,7,Needs Attention
16122,2011-09-27 15:34:00,4,684.4200000000001,73,2,3,3,8,At Risk
16123,2011-10-19 09:18:00,1,307.78,52,2,1,2,5,Needs Attention
16124,2011-01-26 14:45:00,1,249.0,317,1,1,1,3,Lost
16125,2010-12-07 15:48:00,1,289.35,367,1,1,1,3,Lost
16126,2011-11-10 16:03:00,4,6287.77,29,3,3,4,10,Loyal
16127,2011-10-31 13:58:00,1,656.25,39,3,1,2,6,Promising
16128,2011-11-22 11:14:00,5,1880.22,18,4,4,4,12,Champions
16131,2011-10-19 11:53:00,6,3506.54,52,2,4,4,10,At Risk
16133,2011-12-06 11:24:00,33,14589.04,4,4,4,4,12,Champions
16134,2011-11-18 10:05:00,2,618.09,22,3,2,2,7,Promising
16135,2011-03-22 12:30:00,1,517.55,263,1,1,2,4,Lost
16136,2011-10-11 09:10:00,3,709.38,60,2,3,3,8,At Risk
16139,2011-11-21 08:37:00,3,635.41,19,3,3,2,8,Loyal
16140,2011-10-05 12:15:00,2,725.18,66,2,2,3,7,Needs Attention
16141,2011-09-12 13:11:00,1,620.4,88,2,1,2,5,Needs Attention
16142,2011-04-04 10:16:00,1,535.34,250,1,1,2,4,Lost
16143,2011-12-06 14:13:00,6,2424.94,3,4,4,4,12,Champions
16144,2011-04-07 10:09:00,1,175.2,247,1,1,1,3,Lost
16145,2011-12-01 10:33:00,11,3799.4900000000002,9,4,4,4,12,Champions
16146,2011-07-05 14:20:00,3,734.13,157,1,3,3,7,At Risk
16147,2011-07-29 09:57:00,1,375.0,134,2,1,2,5,Needs Attention
16148,2011-02-16 14:01:00,1,76.32000000000001,296,1,1,1,3,Lost
16149,2011-12-05 11:29:00,2,280.52,5,4,2,1,7,Promising
16150,2011-10-28 12:39:00,5,2053.02,43,3,4,4,11,Loyal
16152,2011-03-16 09:47:00,1,1829.04,269,1,1,4,6,Lost
16153,2011-10-21 10:50:00,5,1824.23,50,3,4,4,11,Loyal
16156,2011-12-01 12:42:00,9,3122.04,9,4,4,4,12,Champions
16157,2011-11-24 11:41:00,3,656.69,16,4,3,2,9,Loyal
16159,2011-03-03 12:27:00,1,348.2,282,1,1,2,4,Lost
16160,2011-10-05 14:19:00,2,1025.44,65,2,2,3,7,Needs Attention
16161,2011-12-08 12:10:00,19,5575.56,2,4,4,4,12,Champions
16162,2011-04-01 15:03:00,1,37.4,252,1,1,1,3,Lost
16163,2011-04-21 15:15:00,2,856.6,232,1,2,3,6,Needs Attention
16164,2011-11-22 15:04:00,3,822.48,17,4,3,3,10,Loyal
16168,2011-11-29 12:45:00,27,3787.6,11,4,4,4,12,Champions
16169,2011-12-01 15:28:00,4,1822.97,8,4,3,4,11,Loyal
16170,2011-10-20 08:21:00,6,1885.05,51,3,4,4,11,Loyal
16171,2011-10-11 14:51:00,1,73.2,59,2,1,1,4,Needs Attention
16172,2011-09-05 13:22:00,5,1140.21,95,2,4,3,9,At Risk
16173,2011-11-24 10:53:00,6,1418.32,16,4,4,3,11,Loyal
16174,2011-08-05 13:26:00,3,1009.5500000000001,126,2,3,3,8,At Risk
16175,2011-09-06 14:32:00,4,1037.59,94,2,3,3,8,At Risk
16177,2011-10-20 12:57:00,1,331.95,50,3,1,2,6,Promising
16178,2011-07-24 16:05:00,1,197.9,138,2,1,1,4,Needs Attention
16179,2011-10-10 09:41:00,1,215.83,61,2,1,1,4,Needs Attention
16180,2011-08-31 16:28:00,8,10254.18,100,2,4,4,10,At Risk
16181,2011-09-27 13:38:00,1,305.54,73,2,1,1,4,Needs Attention
16182,2011-09-28 13:23:00,4,6617.65,72,2,3,4,9,At Risk
16183,2011-10-03 14:59:00,1,338.71000000000004,67,2,1,2,5,Needs Attention
16184,2011-10-06 17:43:00,6,1158.79,64,2,4,3,9,At Risk
16185,2011-11-23 09:41:00,2,529.41,17,4,2,2,8,Promising
16186,2011-11-17 12:43:00,12,4006.94,23,3,4,4,11,Loyal
16187,2011-11-08 09:50:00,15,6911.4400000000005,32,3,4,4,11,Loyal
16188,2011-10-26 12:19:00,4,981.86,45,3,3,3,9,Loyal
16189,2011-11-24 11:47:00,2,215.48,16,4,2,1,7,Promising
16190,2011-10-30 15:59:00,1,215.08,40,3,1,1,5,Promising
16191,2011-12-07 11:26:00,13,5180.52,3,4,4,4,12,Champions
16193,2011-04-17 11:45:00,1,314.45,237,1,1,2,4,Lost
16198,2011-09-25 14:58:00,1,400.68,75,2,1,2,5,Needs Attention
16200,2011-12-05 14:40:00,2,1080.6200000000001,4,4,2,3,9,Promising
16201,2011-12-06 16:02:00,4,1863.47,3,4,3,4,11,Loyal
16202,2010-12-14 10:43:00,1,365.27,361,1,1,2,4,Lost
16203,2011-10-12 12:31:00,4,592.9,59,2,3,2,7,At Risk
16204,2011-11-16 13:40:00,1,405.71,23,3,1,2,6,Promising
16205,2011-11-09 09:32:00,4,754.78,31,3,3,3,9,Loyal
16206,2011-10-16 10:41:00,4,537.0600000000001,55,2,3,2,7,At Risk
16207,2011-11-14 13:51:00,1,394.38,25,3,1,2,6,Promising
16208,2011-10-26 11:36:00,2,664.26,45,3,2,2,7,Promising
16209,2011-09-12 11:58:00,5,2262.62,89,2,4,4,10,At Risk
16210,2011-12-08 12:36:00,17,21076.3,2,4,4,4,12,Champions
16211,2011-09-12 12:11:00,1,547.02,89,2,1,2,5,Needs Attention
16212,2011-11-20 13:00:00,2,690.34,19,3,2,3,8,Promising
16213,2011-09-22 10:03:00,1,159.0,79,2,1,1,4,Needs Attention
16214,2011-06-22 11:30:00,3,1062.75,171,1,3,3,7,At Risk
16215,2011-09-20 10:18:00,1,242.35,81,2,1,1,4,Needs Attention
16216,2011-03-17 15:34:00,1,914.9300000000001,267,1,1,3,5,Lost
16217,2011-04-18 13:31:00,2,304.25,235,1,2,1,4,Needs Attention
16218,2011-11-10 09:59:00,7,3084.68,30,3,4,4,11,Loyal
16221,2011-11-03 11:43:00,3,864.86,37,3,3,3,9,Loyal
16222,2011-01-25 13:38:00,1,846.72,318,1,1,3,5,Lost
16224,2011-10-13 17:51:00,4,1295.3,57,2,3,3,8,At Risk
16225,2011-10-26 08:30:00,5,1096.32,45,3,4,3,10,Loyal
16226,2011-05-20 14:41:00,3,255.12,203,1,3,1,5,At Risk
16227,2011-04-28 13:33:00,1,314.22,225,1,1,2,4,Lost
16229,2011-09-13 17:16:00,2,1010.6,87,2,2,3,7,Needs Attention
16230,2011-06-03 10:06:00,2,542.03,190,1,2,2,5,Needs Attention
16232,2011-10-27 12:16:00,4,990.88,44,3,3,3,9,Loyal
16233,2011-09-29 17:27:00,3,536.6800000000001,71,2,3,2,7,At Risk
16235,2011-10-30 10:56:00,4,857.31,41,3,3,3,9,Loyal
16236,2011-09-22 14:10:00,1,432.2,78,2,1,2,5,Needs Attention
16239,2011-10-14 08:29:00,2,414.2,57,2,2,2,6,Needs Attention
16240,2011-11-15 14:30:00,2,3718.8,24,3,2,4,9,Promising
16241,2011-11-30 11:08:00,13,2607.87,10,4,4,4,12,Champions
16242,2011-12-01 15:12:00,7,3603.21,8,4,4,4,12,Champions
16243,2011-11-06 12:32:00,2,409.1,34,3,2,2,7,Promising
16244,2011-05-12 10:18:00,2,1522.75,212,1,2,3,6,Needs Attention
16245,2011-11-16 10:14:00,3,1413.66,24,3,3,3,9,Loyal
16247,2011-06-22 14:23:00,1,114.56,170,1,1,1,3,Lost
16248,2011-10-09 11:32:00,1,152.94,62,2,1,1,4,Needs Attention
16249,2011-10-18 10:07:00,5,1800.07,53,2,4,4,10,At Risk
16250,2011-03-23 15:07:00,2,389.44,261,1,2,2,5,Needs Attention
16253,2011-10-04 09:09:00,2,3683.86,67,2,2,4,8,Needs Attention
16255,2011-11-23 12:40:00,8,2619.91,17,4,4,4,12,Champions
16256,2011-03-18 12:18:00,1,752.4300000000001,267,1,1,3,5,Lost
16257,2011-06-16 10:11:00,1,46.95,177,1,1,1,3,Lost
16258,2011-10-25 13:30:00,5,5203.51,45,3,4,4,11,Loyal
16260,2011-10-20 09:40:00,1,1035.45,51,3,1,3,7,Promising
16261,2011-11-22 17:23:00,4,746.83,17,4,3,3,10,Loyal
16265,2011-11-30 16:41:00,9,5447.0,9,4,4,4,12,Champions
16266,2011-09-27 12:08:00,7,861.89,74,2,4,3,9,At Risk
16268,2011-09-29 18:30:00,2,667.65,71,2,2,2,6,Needs Attention
16270,2010-12-21 14:26:00,1,1141.24,353,1,1,3,5,Lost
16271,2011-11-24 12:12:00,4,1414.24,16,4,3,3,10,Loyal
16272,2011-08-15 10:54:00,1,411.7,117,2,1,2,5,Needs Attention
16274,2010-12-01 15:35:00,1,337.75,373,1,1,2,4,Lost
16275,2011-05-27 12:41:00,1,559.87,197,1,1,2,4,Lost
16276,2011-06-16 09:34:00,1,810.6000000000001,177,1,1,3,5,Lost
16278,2011-08-31 17:12:00,1,566.38,100,2,1,2,5,Needs Attention
16279,2011-11-18 15:00:00,3,1509.58,21,3,3,3,9,Loyal
16281,2011-09-28 14:57:00,1,2062.06,72,2,1,4,7,Needs Attention
16282,2011-01-04 11:42:00,1,168.3,340,1,1,1,3,Lost
16283,2011-12-04 12:08:00,5,1569.11,6,4,4,3,11,Loyal
16284,2011-11-08 16:12:00,2,823.97,31,3,2,3,8,Promising
16287,2011-06-23 09:08:00,1,142.5,170,1,1,1,3,Lost
16292,2011-08-10 12:24:00,1,302.25,122,2,1,1,4,Needs Attention
16293,2011-11-18 09:58:00,10,2248.9900000000002,22,3,4,4,11,Loyal
16295,2011-11-30 08:17:00,4,1328.55,10,4,3,3,10,Loyal
16297,2011-03-16 08:29:00,1,301.9,269,1,1,1,3,Lost
16298,2011-11-17 11:59:00,3,598.2,23,3,3,2,8,Loyal
16302,2011-08-05 09:44:00,1,233.22,127,2,1,1,4,Needs Attention
16303,2011-11-14 10:49:00,3,5360.63,26,3,3,4,10,Loyal
16305,2011-07-24 12:18:00,1,361.21999999999997,139,2,1,2,5,Needs Attention
16306,2011-05-10 12:12:00,6,632.27,214,1,4,2,7,At Risk
16308,2011-11-02 11:24:00,4,2560.0,38,3,3,4,10,Loyal
16309,2011-08-25 15:35:00,2,706.57,106,2,2,3,7,Needs Attention
16311,2011-11-22 08:54:00,2,616.26,18,4,2,2,8,Promising
16313,2011-12-06 13:02:00,2,274.15000000000003,3,4,2,1,7,Promising
16315,2011-01-13 11:57:00,1,226.37,331,1,1,1,3,Lost
16316,2011-10-06 13:48:00,8,2938.91,64,2,4,4,10,At Risk
16317,2011-08-12 12:46:00,3,1341.65,120,2,3,3,8,At Risk
16318,2011-11-04 13:05:00,1,328.15,35,3,1,2,6,Promising
16319,2011-05-06 11:27:00,1,404.40000000000003,218,1,1,2,4,Lost
16320,2011-06-20 15:25:00,2,1038.46,172,1,2,3,6,Needs Attention
16321,2011-09-28 14:55:00,5,373.65000000000003,72,2,4,2,8,At Risk
16322,2011-12-08 15:41:00,2,326.75,1,4,2,2,8,Promising
16323,2011-05-27 14:48:00,1,207.50000000000003,196,1,1,1,3,Lost
16324,2011-08-03 12:58:00,3,428.68,128,2,3,2,7,At Risk
16325,2011-10-24 08:48:00,3,594.24,47,3,3,2,8,Loyal
16326,2011-12-04 10:11:00,14,3110.96,6,4,4,4,12,Champions
16327,2011-11-25 13:23:00,6,3813.62,14,4,4,4,12,Champions
16330,2011-11-22 12:24:00,3,251.91,18,4,3,1,8,Loyal
16332,2011-11-11 14:22:00,7,1593.2,28,3,4,3,10,Loyal
16333,2011-12-02 12:19:00,22,26626.8,8,4,4,4,12,Champions
16337,2011-11-03 10:03:00,1,151.05,37,3,1,1,5,Promising
16338,2011-07-05 13:56:00,1,214.79999999999998,157,1,1,1,3,Lost
16339,2011-02-28 13:41:00,1,109.95,284,1,1,1,3,Lost
16340,2011-08-24 14:53:00,1,549.07,107,2,1,2,5,Needs Attention
16341,2011-11-15 09:12:00,4,1971.87,25,3,3,4,10,Loyal
16342,2011-09-25 14:36:00,4,322.41,75,2,3,2,7,At Risk
16343,2011-11-23 17:45:00,2,370.47999999999996,16,4,2,2,8,Promising
16344,2011-07-04 15:50:00,1,101.10000000000001,158,1,1,1,3,Lost
16345,2011-10-26 16:03:00,1,575.41,44,3,1,2,6,Promising
16347,2011-11-28 13:14:00,2,887.65,11,4,2,3,9,Promising
16348,2011-11-07 15:44:00,7,1467.11,32,3,4,3,10,Loyal
16349,2011-02-22 12:40:00,1,53.5,291,1,1,1,3,Lost
16350,2011-11-18 15:53:00,4,1116.47,21,3,3,3,9,Loyal
16351,2011-01-11 10:26:00,1,153.9,333,1,1,1,3,Lost
16352,2011-11-22 10:32:00,2,494.44,18,4,2,2,8,Promising
16353,2011-12-06 12:23:00,23,6675.71,4,4,4,4,12,Champions
16354,2011-10-07 14:28:00,2,395.8,63,2,2,2,6,Needs Attention
16356,2011-05-26 11:51:00,3,211.77,198,1,3,1,5,At Risk
16357,2011-11-06 16:04:00,3,658.88,33,3,3,2,8,Loyal
16358,2011-12-08 15:09:00,4,2027.5,1,4,3,4,11,Loyal
16359,2011-12-02 17:04:00,9,1750.92,7,4,4,4,12,Champions
16360,2011-12-05 12:16:00,6,3512.53,5,4,4,4,12,Champions
16361,2011-11-30 12:32:00,4,896.66,10,4,3,3,10,Loyal
16362,2011-11-07 13:01:00,5,734.77,32,3,4,3,10,Loyal
16363,2011-10-17 14:14:00,1,109.36000000000001,53,2,1,1,4,Needs Attention
16364,2011-11-28 11:27:00,2,707.04,12,4,2,3,9,Promising
16365,2011-11-22 11:24:00,9,1540.42,18,4,4,3,11,Loyal
16366,2011-11-21 08:19:00,1,327.3,19,3,1,2,6,Promising
16367,2011-11-02 13:13:00,2,804.49,37,3,2,3,8,Promising
16368,2011-12-07 13:12:00,2,497.43,2,4,2,2,8,Promising
16369,2011-11-21 16:25:00,3,1551.58,18,4,3,3,10,Loyal
16370,2011-09-18 15:55:00,4,1320.56,82,2,3,3,8,At Risk
16372,2011-11-06 13:08:00,2,367.93,33,3,2,2,7,Promising
16374,2011-10-04 15:21:00,2,465.08,66,2,2,2,6,Needs Attention
16376,2011-12-01 11:38:00,2,987.01,9,4,2,3,9,Promising
16377,2011-03-17 15:41:00,1,676.2,267,1,1,3,5,Lost
16378,2011-04-06 15:07:00,3,362.95,247,1,3,2,6,At Risk
16379,2011-12-05 15:38:00,4,2157.4,4,4,3,4,11,Loyal
16380,2011-10-09 15:40:00,1,1780.59,61,2,1,4,7,Needs Attention
16383,2011-09-26 12:45:00,2,668.36,75,2,2,3,7,Needs Attention
16384,2011-09-11 11:19:00,2,584.5,90,2,2,2,6,Needs Attention
16385,2011-10-10 13:12:00,3,555.89,60,2,3,2,7,At Risk
16386,2011-11-11 12:28:00,2,317.2,29,3,2,2,7,Promising
16387,2011-01-21 11:34:00,1,94.36,323,1,1,1,3,Lost
16389,2011-10-17 14:41:00,4,1382.07,53,2,3,3,8,At Risk
16392,2011-03-15 12:11:00,1,221.19,270,1,1,1,3,Lost
16393,2011-12-07 12:51:00,13,3046.21,2,4,4,4,12,Champions
16394,2011-10-14 09:48:00,5,1555.34,57,2,4,3,9,At Risk
16395,2011-10-10 12:50:00,5,1486.9,61,2,4,3,9,At Risk
16398,2011-07-08 15:16:00,2,1705.8,154,1,2,4,7,Needs Attention
16399,2011-11-20 16:12:00,2,406.77,19,3,2,2,7,Promising
16400,2011-09-06 12:27:00,1,303.93,95,2,1,1,4,Needs Attention
16401,2011-12-08 18:15:00,12,4098.32,1,4,4,4,12,Champions
16402,2011-03-20 12:25:00,2,299.6,265,1,2,1,4,Needs Attention
16403,2011-01-31 13:39:00,1,177.5,312,1,1,1,3,Lost
16404,2011-09-30 14:55:00,1,443.05,70,2,1,2,5,Needs Attention
16405,2011-02-10 15:24:00,2,167.25,302,1,2,1,4,Needs Attention
16406,2011-11-21 11:57:00,1,163.07,19,3,1,1,5,Promising
16407,2011-11-27 11:05:00,10,2126.93,13,4,4,4,12,Champions
16409,2011-11-03 16:45:00,5,2028.88,36,3,4,4,11,Loyal
16411,2011-11-20 13:23:00,2,214.65,19,3,2,1,6,Promising
16412,2011-10-17 12:35:00,1,151.83,54,2,1,1,4,Needs Attention
16413,2011-10-14 12:08:00,1,262.2,57,2,1,1,4,Needs Attention
16414,2011-11-18 09:42:00,2,126.25,22,3,2,1,6,Promising
16415,2011-10-26 13:35:00,1,210.35,44,3,1,1,5,Promising
16416,2011-11-13 12:50:00,3,1051.4,27,3,3,3,9,Loyal
16418,2011-10-26 12:39:00,3,675.27,45,3,3,3,9,Loyal
16419,2011-08-19 12:33:00,6,972.23,113,2,4,3,9,At Risk
16422,2011-11-22 14:00:00,51,34684.4,17,4,4,4,12,Champions
16423,2011-11-15 09:21:00,1,346.12,25,3,1,2,6,Promising
16424,2011-06-01 13:40:00,1,133.56,191,1,1,1,3,Lost
16425,2011-02-10 14:30:00,1,302.7,302,1,1,1,3,Lost
16426,2011-12-07 14:01:00,10,1908.25,2,4,4,4,12,Champions
16427,2011-03-21 17:10:00,2,241.06,263,1,2,1,4,Needs Attention
16429,2011-08-25 13:54:00,1,284.55,106,2,1,1,4,Needs Attention
16430,2011-10-13 14:47:00,1,300.85,57,2,1,1,4,Needs Attention
16431,2011-05-10 14:09:00,3,642.81,213,1,3,2,6,At Risk
16432,2011-10-06 13:59:00,1,287.4,64,2,1,1,4,Needs Attention
16433,2011-11-11 14:09:00,1,184.26,28,3,1,1,5,Promising
16434,2011-11-10 14:28:00,7,1522.25,29,3,4,3,10,Loyal
16438,2011-12-04 10:51:00,5,798.35,6,4,4,3,11,Loyal
16440,2011-12-02 12:02:00,5,3640.67,8,4,4,4,12,Champions
16441,2011-10-03 17:48:00,2,381.2,67,2,2,2,6,Needs Attention
16442,2011-12-08 11:43:00,3,616.79,2,4,3,2,9,Loyal
16444,2011-10-24 13:50:00,4,654.67,46,3,3,2,8,Loyal
16445,2011-11-06 12:32:00,1,230.51,34,3,1,1,5,Promising
16446,2011-12-09 09:15:00,2,168472.5,1,4,2,4,10,Promising
16447,2011-07-27 12:45:00,1,259.01,136,2,1,1,4,Needs Attention
16448,2011-05-25 16:28:00,1,188.89000000000001,198,1,1,1,3,Lost
16449,2011-05-26 10:25:00,2,707.69,198,1,2,3,6,Needs Attention
16450,2011-07-13 11:47:00,1,311.92,150,1,1,2,4,Lost
16451,2011-09-13 09:17:00,1,266.97,88,2,1,1,4,Needs Attention
16454,2011-10-06 16:57:00,1,5.9,64,2,1,1,4,Needs Attention
16455,2011-10-07 12:17:00,7,1841.18,64,2,4,4,10,At Risk
16456,2011-09-01 13:50:00,5,2158.37,99,2,4,4,10,At Risk
16457,2011-05-05 13:19:00,1,208.36,218,1,1,1,3,Lost
16458,2011-12-07 09:34:00,18,3482.7400000000002,3,4,4,4,12,Champions
16460,2011-11-11 13:46:00,3,814.72,28,3,3,3,9,Loyal
16461,2011-06-15 12:07:00,1,151.42,178,1,1,1,3,Lost
16462,2011-09-27 10:24:00,3,136.0,74,2,3,1,6,At Risk
16463,2011-11-18 14:01:00,4,1422.4,21,3,3,3,9,Loyal
16464,2011-11-20 12:11:00,3,1314.68,20,3,3,3,9,Loyal
16466,2011-11-06 11:35:00,7,1603.46,34,3,4,3,10,Loyal
16468,2011-09-26 14:13:00,1,74.9,74,2,1,1,4,Needs Attention
16469,2011-11-16 12:25:00,4,650.43,24,3,3,2,8,Loyal
16470,2011-10-19 12:11:00,4,762.39,52,2,3,3,8,At Risk
16471,2011-03-10 09:41:00,1,223.95000000000002,275,1,1,1,3,Lost
16473,2011-06-28 09:10:00,3,316.11,165,1,3,2,6,At Risk
16474,2011-12-02 13:02:00,7,1871.3400000000001,7,4,4,4,12,Champions
16475,2011-09-12 14:37:00,4,544.3,88,2,3,2,7,At Risk
16477,2011-10-07 09:44:00,7,2494.46,64,2,4,4,10,At Risk
16478,2011-11-14 15:51:00,3,331.0,25,3,3,2,8,Loyal
16479,2011-11-29 13:40:00,2,300.83,10,4,2,1,7,Promising
16480,2011-09-25 11:40:00,1,769.29,76,2,1,3,6,Needs Attention
16482,2011-11-24 12:33:00,1,220.62,16,4,1,1,6,Promising
16483,2011-05-31 13:08:00,1,139.35,192,1,1,1,3,Lost
16484,2011-06-19 12:06:00,2,404.3,174,1,2,2,5,Needs Attention
16485,2011-09-23 15:50:00,1,363.65,77,2,1,2,5,Needs Attention
16488,2011-11-06 13:42:00,3,498.8,33,3,3,2,8,Loyal
16491,2011-10-24 10:18:00,1,731.5,47,3,1,3,7,Promising
16493,2011-09-21 11:10:00,4,1351.63,80,2,3,3,8,At Risk
16494,2011-02-16 12:49:00,1,826.53,297,1,1,3,5,Lost
16495,2011-12-06 13:20:00,3,684.41,3,4,3,3,10,Loyal
16496,2011-12-01 10:31:00,3,1599.52,9,4,3,3,10,Loyal
16497,2011-10-21 10:55:00,6,2965.69,50,3,4,4,11,Loyal
16498,2011-07-01 15:07:00,2,100.97,161,1,2,1,4,Needs Attention
16499,2010-12-14 13:31:00,2,365.45,360,1,2,2,5,Needs Attention
16500,2011-12-05 12:04:00,6,400.86,5,4,4,2,10,Loyal
16503,2011-08-25 11:46:00,4,1431.93,107,2,3,3,8,At Risk
16504,2011-11-14 15:18:00,1,484.38,25,3,1,2,6,Promising
16505,2011-11-08 12:14:00,1,777.6,32,3,1,3,7,Promising
16506,2011-11-20 12:17:00,2,90.30000000000001,20,3,2,1,6,Promising
16509,2011-02-16 09:25:00,1,363.7,297,1,1,2,4,Lost
16510,2010-12-02 13:39:00,1,248.1,372,1,1,1,3,Lost
16511,2011-11-18 10:41:00,3,948.26,22,3,3,3,9,Loyal
16513,2011-12-05 10:18:00,4,874.59,5,4,3,3,10,Loyal
16515,2011-10-18 13:10:00,5,1627.13,52,2,4,3,9,At Risk
16516,2011-11-09 14:59:00,1,101.69999999999999,30,3,1,1,5,Promising
16517,2011-03-07 13:50:00,1,162.7,277,1,1,1,3,Lost
16518,2011-10-09 15:04:00,2,484.32,61,2,2,2,6,Needs Attention
16519,2011-11-14 15:41:00,2,212.98,25,3,2,1,6,Promising
16520,2011-06-06 13:24:00,3,1046.57,186,1,3,3,7,At Risk
16523,2011-12-08 09:06:00,21,9418.470000000001,2,4,4,4,12,Champions
16525,2011-12-07 15:07:00,26,13027.45,2,4,4,4,12,Champions
16526,2011-06-21 12:02:00,1,290.36,172,1,1,1,3,Lost
16527,2011-09-19 16:21:00,1,228.06,81,2,1,1,4,Needs Attention
16528,2011-12-06 12:45:00,1,244.41,4,4,1,1,6,Promising
16529,2011-06-02 17:23:00,1,455.25,190,1,1,2,4,Lost
16531,2011-11-17 16:29:00,7,1244.59,22,3,4,3,10,Loyal
16532,2011-11-22 11:08:00,3,6748.8,18,4,3,4,11,Loyal
16533,2011-11-20 13:08:00,3,1095.56,19,3,3,3,9,Loyal
16535,2011-12-04 15:18:00,1,593.75,5,4,1,2,7,Promising
16536,2011-08-21 15:54:00,1,548.97,110,2,1,2,5,Needs Attention
16539,2011-12-07 08:41:00,4,1388.81,3,4,3,3,10,Loyal
16542,2011-10-17 10:47:00,1,119.62,54,2,1,1,4,Needs Attention
16545,2011-06-28 10:37:00,1,339.3,165,1,1,2,4,Lost
16546,2011-02-22 11:20:00,2,787.15,291,1,2,3,6,Needs Attention
16549,2011-11-29 15:06:00,10,4154.64,10,4,4,4,12,Champions
16550,2011-08-23 11:12:00,5,2298.97,109,2,4,4,10,At Risk
16551,2011-09-05 09:38:00,3,922.12,96,2,3,3,8,At Risk
16552,2011-04-11 10:04:00,2,379.73,243,1,2,2,5,Needs Attention
16553,2011-06-29 15:42:00,12,5719.82,163,1,4,4,9,At Risk
16554,2011-10-28 14:51:00,3,837.1,42,3,3,3,9,Loyal
16555,2011-11-04 14:31:00,2,285.89,35,3,2,1,6,Promising
16556,2011-10-04 11:36:00,7,3313.79,67,2,4,4,10,At Risk
16557,2011-11-15 14:04:00,2,281.85,24,3,2,1,6,Promising
16558,2011-12-09 10:20:00,20,8338.49,1,4,4,4,12,Champions
16560,2011-11-13 10:35:00,2,841.41,27,3,2,3,8,Promising
16561,2011-12-04 11:50:00,2,511.12,6,4,2,2,8,Promising
16563,2011-10-17 11:51:00,1,1077.74,54,2,1,3,6,Needs Attention
16565,2010-12-10 15:21:00,1,173.7,364,1,1,1,3,Lost
16566,2011-11-24 16:34:00,5,614.66,15,4,4,2,10,Loyal
16567,2011-05-29 13:57:00,2,865.6,194,1,2,3,6,Needs Attention
16569,2011-12-06 15:32:00,1,124.2,3,4,1,1,6,Promising
16570,2011-11-24 17:02:00,10,3738.4,15,4,4,4,12,Champions
16571,2011-11-13 11:46:00,3,1421.69,27,3,3,3,9,Loyal
16572,2011-08-04 16:34:00,3,1009.6,127,2,3,3,8,At Risk
16573,2011-09-16 09:13:00,2,663.61,85,2,2,2,6,Needs Attention
16574,2011-09-29 13:39:00,1,451.44,71,2,1,2,5,Needs Attention
16581,2011-06-10 10:05:00,1,105.84,183,1,1,1,3,Lost
16582,2011-08-18 17:02:00,1,313.62,113,2,1,2,5,Needs Attention
16583,2010-12-01 12:03:00,1,233.45,374,1,1,1,3,Lost
16584,2011-09-20 13:45:00,2,936.08,80,2,2,3,7,Needs Attention
16586,2011-04-05 09:32:00,1,463.95,249,1,2,2,5,Needs Attention
16587,2011-04-21 15:51:00,1,225.15,232,1,2,1,4,Needs Attention
16589,2011-09-29 14:50:00,3,459.24,71,2,3,2,7,At Risk
16591,2011-10-02 10:43:00,1,213.5,69,2,2,1,5,Needs Attention
16592,2011-12-05 13:49:00,16,4113.68,4,4,4,4,12,Champions
16593,2011-10-20 12:41:00,3,330.03,51,3,3,2,8,Loyal
16594,2011-09-25 14:08:00,1,181.09,75,2,2,1,5,Needs Attention
16595,2011-10-09 13:15:00,1,360.16,61,2,2,2,6,Needs Attention
16596,2011-11-24 10:02:00,2,250.15,16,4,2,1,7,Promising
16597,2011-12-05 15:44:00,1,90.04,4,4,2,1,7,Promising
16598,2011-02-27 11:42:00,1,145.04999999999998,286,1,2,1,4,Needs Attention
16600,2011-12-05 16:00:00,6,813.52,4,4,4,3,11,Loyal
16601,2011-10-30 11:09:00,1,243.63,41,3,2,1,6,Promising
16602,2011-11-03 15:54:00,1,528.08,36,3,2,2,7,Promising
16603,2011-09-26 10:06:00,2,482.47,75,2,2,2,6,Needs Attention
16607,2011-11-22 10:24:00,14,3347.71,18,4,4,4,12,Champions
16609,2011-11-24 13:32:00,7,5493.46,15,4,4,4,12,Champions
16610,2011-05-04 13:13:00,1,75.66,219,1,2,1,4,Needs Attention
16611,2011-06-06 15:46:00,1,129.49,186,1,2,1,4,Needs Attention
16612,2011-11-07 07:38:00,4,1187.66,33,3,3,3,9,Loyal
16613,2011-09-30 15:52:00,1,618.59,70,2,2,2,6,Needs Attention
16614,2011-06-10 11:36:00,1,506.19,183,1,2,2,5,Needs Attention
16616,2011-11-24 16:31:00,2,500.42,15,4,2,2,8,Promising
16617,2011-04-18 10:35:00,1,151.85,236,1,2,1,4,Needs Attention
16618,2011-11-08 13:52:00,5,2647.59,31,3,4,4,11,Loyal
16619,2011-03-21 08:18:00,1,226.21,264,1,2,1,4,Needs Attention
16620,2011-12-06 12:19:00,2,178.96,4,4,2,1,7,Promising
16621,2011-10-19 11:38:00,4,813.48,52,2,3,3,8,At Risk
16623,2011-04-08 10:09:00,1,129.45,246,1,2,1,4,Needs Attention
16624,2011-09-20 12:39:00,2,810.5699999999999,81,2,2,3,7,Needs Attention
16625,2011-03-10 12:50:00,1,333.08,275,1,2,2,5,Needs Attention
16626,2011-12-09 11:56:00,17,4413.1,1,4,4,4,12,Champions
16627,2011-09-21 14:38:00,1,322.8,79,2,2,2,6,Needs Attention
16628,2011-11-10 12:45:00,5,2188.05,30,3,4,4,11,Loyal
16629,2011-09-27 10:34:00,2,417.73,74,2,2,2,6,Needs Attention
16633,2011-11-22 13:41:00,6,2883.1,17,4,4,4,12,Champions
16634,2011-05-01 12:09:00,2,217.9,223,1,2,1,4,Needs Attention
16637,2011-11-07 13:17:00,4,1154.47,32,3,3,3,9,Loyal
16638,2011-11-17 11:09:00,10,1680.72,23,3,4,4,11,Loyal
16639,2011-11-08 13:20:00,3,1257.51,31,3,3,3,9,Loyal
16641,2011-08-26 12:49:00,1,231.10000000000002,106,2,2,1,5,Needs Attention
16642,2011-12-05 11:31:00,2,688.33,5,4,2,3,9,Promising
16643,2011-04-08 08:24:00,1,487.51,246,1,2,2,5,Needs Attention
16644,2011-06-15 12:39:00,2,833.78,178,1,2,3,6,Needs Attention
16647,2011-06-23 11:47:00,2,214.06,170,1,2,1,4,Needs Attention
16648,2011-10-28 08:58:00,1,290.65999999999997,43,3,2,1,6,Promising
16650,2011-09-29 09:51:00,1,518.42,72,2,2,2,6,Needs Attention
16652,2011-10-12 09:38:00,7,6773.97,59,2,4,4,10,At Risk
16653,2011-11-23 14:51:00,2,1212.66,16,4,2,3,9,Promising
16654,2011-07-21 15:23:00,4,601.27,141,2,3,2,7,At Risk
16655,2011-11-22 11:25:00,6,3794.52,18,4,4,4,12,Champions
16656,2011-11-17 14:43:00,15,8625.8,22,3,4,4,11,Loyal
16657,2011-11-30 11:48:00,4,933.62,10,4,3,3,10,Loyal
16658,2010-12-06 13:47:00,1,123.24,368,1,2,1,4,Needs Attention
16659,2011-06-03 15:03:00,1,39.12,189,1,2,1,4,Needs Attention
16660,2011-11-23 14:53:00,4,1267.6499999999999,16,4,3,3,10,Loyal
16665,2010-12-12 14:03:00,1,135.39999999999998,362,1,2,1,4,Needs Attention
16666,2011-11-20 14:01:00,1,118.98,19,3,2,1,6,Promising
16667,2011-10-02 15:26:00,2,570.13,68,2,2,2,6,Needs Attention
16668,2011-11-24 17:43:00,6,306.71999999999997,15,4,4,2,10,Loyal
16669,2011-11-16 12:26:00,2,1370.47,24,3,2,3,8,Promising
16670,2011-11-23 09:34:00,11,4095.9,17,4,4,4,12,Champions
16671,2011-11-11 13:40:00,3,1692.27,28,3,3,4,10,Loyal
16672,2011-12-07 16:29:00,20,8134.9400000000005,2,4,4,4,12,Champions
16674,2011-10-16 11:31:00,2,319.61,55,2,2,2,6,Needs Attention
16676,2011-11-06 12:01:00,4,1592.1200000000001,34,3,3,3,9,Loyal
16678,2011-12-07 12:17:00,12,3109.99,3,4,4,4,12,Champions
16679,2010-12-08 13:51:00,1,129.75,366,1,2,1,4,Needs Attention
16680,2011-10-27 17:35:00,1,183.7,43,3,2,1,6,Promising
16681,2011-09-28 11:11:00,6,1770.34,73,2,4,4,10,At Risk
16682,2011-12-05 12:13:00,5,1028.0,5,4,4,3,11,Loyal
16684,2011-12-05 14:06:00,28,66653.56,4,4,4,4,12,Champions
16685,2011-10-09 13:58:00,2,324.24,61,2,2,2,6,Needs Attention
16686,2011-10-23 13:49:00,7,3062.83,47,3,4,4,11,Loyal
16688,2011-12-08 15:24:00,4,1260.86,1,4,3,3,10,Loyal
16689,2011-09-25 11:39:00,2,422.59999999999997,76,2,2,2,6,Needs Attention
16690,2011-09-28 15:02:00,2,225.57999999999998,72,2,2,1,5,Needs Attention
16692,2011-03-28 14:46:00,2,1126.0,256,1,2,3,6,Needs Attention
16693,2011-10-02 11:10:00,2,482.01,69,2,2,2,6,Needs Attention
16696,2011-07-27 14:23:00,4,657.9000000000001,135,2,3,2,7,At Risk
16697,2011-04-12 17:12:00,1,112.75,241,1,2,1,4,Needs Attention
16698,2011-04-27 10:52:00,2,1998.0,227,1,2,4,7,Needs Attention
16700,2011-12-01 11:00:00,13,5076.55,9,4,4,4,12,Champions
16701,2011-12-01 11:10:00,13,5398.3,9,4,4,4,12,Champions
16705,2011-12-09 12:08:00,20,14034.99,1,4,4,4,12,Champions
16706,2011-11-02 13:50:00,3,531.35,37,3,3,2,8,Loyal
16708,2011-10-25 12:20:00,1,656.63,46,3,2,2,7,Promising
16709,2011-09-16 10:56:00,5,3029.87,85,2,4,4,10,At Risk
16710,2011-11-20 14:50:00,10,2483.04,19,3,4,4,11,Loyal
16711,2011-12-06 16:32:00,5,1651.03,3,4,4,4,12,Champions
16712,2011-11-30 13:48:00,11,3637.78,9,4,4,4,12,Champions
16713,2011-11-21 12:36:00,15,6923.13,19,3,4,4,11,Loyal
16714,2011-01-26 13:46:00,2,1146.53,317,1,2,3,6,Needs Attention
16715,2011-09-22 18:15:00,1,301.71999999999997,78,2,2,1,5,Needs Attention
16716,2011-03-18 10:03:00,2,901.2,267,1,2,3,6,Needs Attention
16717,2011-11-16 12:16:00,6,3858.38,24,3,4,4,11,Loyal
16718,2010-12-05 13:03:00,1,623.75,369,1,2,2,5,Needs Attention
16719,2011-11-25 09:27:00,7,1790.42,15,4,4,4,12,Champions
16720,2011-11-13 16:22:00,1,155.24,26,3,2,1,6,Promising
16721,2011-03-22 16:08:00,1,292.47,262,1,2,1,4,Needs Attention
16722,2011-11-22 13:28:00,13,4730.81,17,4,4,4,12,Champions
16723,2011-09-09 13:01:00,2,589.15,91,2,2,2,6,Needs Attention
16725,2011-02-10 16:52:00,6,779.57,302,1,4,3,8,At Risk
16726,2011-11-13 14:53:00,5,1382.02,26,3,4,3,10,Loyal
16727,2010-12-10 13:48:00,1,272.82,364,1,2,1,4,Needs Attention
16728,2011-10-24 14:36:00,4,1054.67,46,3,3,3,9,Loyal
16729,2011-11-01 14:29:00,21,7236.6,38,3,4,4,11,Loyal
16730,2011-10-18 14:11:00,3,743.11,52,2,3,3,8,At Risk
16732,2011-11-08 09:54:00,1,603.75,32,3,2,2,7,Promising
16734,2011-10-18 13:44:00,3,650.51,52,2,3,2,7,At Risk
16735,2011-09-22 11:49:00,5,2300.56,79,2,4,4,10,At Risk
16737,2011-10-17 13:03:00,1,417.59999999999997,53,2,2,2,6,Needs Attention
16738,2011-02-15 09:46:00,1,3.75,298,1,2,1,4,Needs Attention
16739,2011-06-16 09:17:00,1,323.0,177,1,2,2,5,Needs Attention
16743,2011-11-10 13:13:00,7,2238.09,29,3,4,4,11,Loyal
16744,2011-11-28 13:06:00,7,1304.76,11,4,4,3,11,Loyal
16745,2011-09-14 11:58:00,17,7194.3,87,2,4,4,10,At Risk
16746,2011-12-05 12:33:00,18,6697.66,5,4,4,4,12,Champions
16747,2011-11-02 11:37:00,2,836.06,38,3,2,3,8,Promising
16748,2011-11-22 10:17:00,5,1515.9,18,4,4,3,11,Loyal
16750,2011-10-26 12:48:00,5,623.93,45,3,4,2,9,Loyal
16751,2011-11-09 10:48:00,1,1764.72,31,3,2,4,9,Promising
16752,2010-12-02 12:18:00,1,207.5,373,1,2,1,4,Needs Attention
16753,2011-10-12 13:14:00,1,223.92000000000002,58,2,2,1,5,Needs Attention
16754,2010-12-02 17:38:00,1,2002.4,372,1,2,4,7,Needs Attention
16755,2011-08-17 13:21:00,3,1496.83,114,2,3,3,8,At Risk
16756,2011-05-09 09:33:00,1,239.4,215,1,2,1,4,Needs Attention
16757,2011-01-25 11:59:00,1,106.83000000000001,319,1,2,1,4,Needs Attention
16758,2011-10-05 14:47:00,1,369.34000000000003,65,2,2,2,6,Needs Attention
16759,2011-12-02 12:42:00,3,789.79,8,4,3,3,10,Loyal
16761,2011-09-04 11:15:00,1,316.62,97,2,2,2,6,Needs Attention
16762,2011-11-20 11:43:00,3,1501.38,20,3,3,3,9,Loyal
16763,2011-05-25 11:52:00,1,611.85,199,1,2,2,5,Needs Attention
16764,2011-12-06 11:41:00,13,2799.25,4,4,4,4,12,Champions
16765,2011-02-18 15:41:00,1,34.0,294,1,2,1,4,Needs Attention
16766,2011-03-11 15:22:00,2,1145.6,273,1,2,3,6,Needs Attention
16767,2011-11-09 09:42:00,11,5580.6,31,3,4,4,11,Loyal
16768,2011-10-23 10:38:00,3,478.09000000000003,48,3,3,2,8,Loyal
16769,2011-03-24 13:41:00,1,380.39,260,1,2,2,5,Needs Attention
16770,2011-10-13 12:21:00,5,770.1,58,2,4,3,9,At Risk
16771,2011-11-06 13:28:00,5,2234.81,33,3,4,4,11,Loyal
16773,2011-10-13 14:37:00,1,171.59,57,2,2,1,5,Needs Attention
16774,2011-10-03 12:41:00,4,661.52,68,2,3,2,7,At Risk
16775,2011-11-29 15:22:00,11,1695.66,10,4,4,4,12,Champions
16776,2011-10-10 13:04:00,1,388.28,60,2,2,2,6,Needs Attention
16777,2011-09-20 13:41:00,2,226.35,80,2,2,1,5,Needs Attention
16778,2011-09-26 13:48:00,2,245.94,74,2,2,1,5,Needs Attention
16779,2011-12-07 14:54:00,22,10629.720000000001,2,4,4,4,12,Champions
16780,2011-08-31 16:09:00,2,425.19,100,2,2,2,6,Needs Attention
16781,2010-12-02 14:26:00,1,311.25,372,1,2,2,5,Needs Attention
16782,2011-11-29 13:20:00,13,2279.9,10,4,4,4,12,Champions
16784,2011-11-20 12:20:00,1,107.6,20,3,2,1,6,Promising
16788,2011-08-08 14:53:00,2,595.83,123,2,2,2,6,Needs Attention
16789,2011-12-01 15:12:00,1,80.8,8,4,2,1,7,Promising
16790,2011-12-06 11:53:00,6,1545.6200000000001,4,4,4,3,11,Loyal
16791,2011-11-10 19:12:00,7,1709.03,29,3,4,4,11,Loyal
16792,2011-03-02 14:41:00,2,110.38000000000001,282,1,2,1,4,Needs Attention
16793,2011-10-13 15:08:00,1,243.84,57,2,2,1,5,Needs Attention
16794,2011-12-08 17:54:00,10,1220.69,1,4,4,3,11,Loyal
16795,2010-12-09 14:08:00,1,414.88,365,1,2,2,5,Needs Attention
16796,2011-09-11 14:01:00,1,305.62,89,2,2,1,5,Needs Attention
16800,2011-11-28 14:06:00,1,1201.49,11,4,2,3,9,Promising
16801,2011-06-29 15:33:00,4,1619.73,163,1,3,3,7,At Risk
16803,2011-10-05 14:28:00,1,332.3,65,2,2,2,6,Needs Attention
16804,2011-11-16 16:43:00,3,536.99,23,3,3,2,8,Loyal
16805,2011-06-19 11:23:00,2,460.59,174,1,2,2,5,Needs Attention
16806,2011-08-28 15:27:00,4,775.54,103,2,3,3,8,At Risk
16807,2011-07-20 12:00:00,3,1121.59,143,2,3,3,8,At Risk
16808,2011-09-01 19:34:00,2,288.42,99,2,2,1,5,Needs Attention
16809,2011-11-16 15:45:00,5,914.69,23,3,4,3,10,Loyal
16810,2011-05-31 15:32:00,1,309.54,192,1,2,2,5,Needs Attention
16811,2011-12-05 11:39:00,2,547.07,5,4,2,2,8,Promising
16812,2010-12-14 12:35:00,1,479.35,361,1,2,2,5,Needs Attention
16813,2011-12-01 14:03:00,10,1692.98,8,4,4,4,12,Champions
16814,2011-11-25 13:27:00,21,6499.2,14,4,4,4,12,Champions
16816,2011-08-28 14:16:00,4,417.06,103,2,3,2,7,At Risk
16817,2011-12-07 11:03:00,9,1604.75,3,4,4,3,11,Loyal
16818,2011-11-29 10:41:00,11,3349.57,11,4,4,4,12,Champions
16820,2011-09-05 12:06:00,1,497.61,96,2,2,2,6,Needs Attention
16823,2011-04-26 15:00:00,1,358.38,227,1,2,2,5,Needs Attention
16824,2011-11-24 12:38:00,2,460.64,16,4,2,2,8,Promising
16825,2011-11-01 11:51:00,2,775.1800000000001,39,3,2,3,8,Promising
16826,2011-10-19 14:05:00,1,341.7,51,3,2,2,7,Promising
16828,2011-08-19 13:24:00,1,113.5,112,2,2,1,5,Needs Attention
16829,2011-07-06 10:48:00,1,197.22,157,1,2,1,4,Needs Attention
16830,2011-11-01 11:35:00,1,325.91,39,3,2,2,7,Promising
16832,2011-06-08 15:36:00,3,199.15,184,1,3,1,5,At Risk
16833,2011-12-08 14:39:00,4,1106.53,1,4,3,3,10,Loyal
16834,2011-04-26 09:37:00,1,413.46,228,1,2,2,5,Needs Attention
16835,2011-08-03 13:50:00,2,180.85,128,2,2,1,5,Needs Attention
16836,2011-10-31 10:05:00,2,251.87,40,3,2,1,6,Promising
16837,2011-11-08 14:27:00,11,3170.98,31,3,4,4,11,Loyal
16838,2011-05-26 13:13:00,2,588.85,197,1,2,2,5,Needs Attention
16839,2011-12-01 09:03:00,34,16594.35,9,4,4,4,12,Champions
16841,2011-11-03 11:51:00,6,1869.82,37,3,4,4,11,Loyal
16842,2011-08-31 10:42:00,3,1264.19,101,2,3,3,8,At Risk
16843,2011-10-28 09:06:00,16,10196.57,43,3,4,4,11,Loyal
16846,2011-10-20 13:55:00,1,214.32,50,3,2,1,6,Promising
16847,2011-10-27 13:29:00,1,193.44,43,3,2,1,6,Promising
16848,2011-10-18 08:42:00,1,281.42,53,2,2,1,5,Needs Attention
16849,2011-06-06 09:16:00,1,124.57,187,1,2,1,4,Needs Attention
16850,2011-01-10 11:09:00,1,332.41,334,1,2,2,5,Needs Attention
16851,2011-12-05 13:32:00,3,342.45,4,4,3,2,9,Loyal
16852,2011-11-29 13:22:00,2,144.91000000000003,10,4,2,1,7,Promising
16855,2011-11-16 12:03:00,2,328.4,24,3,2,2,7,Promising
16856,2011-11-25 08:59:00,1,35.400000000000006,15,4,2,1,7,Promising
16858,2010-12-06 09:52:00,1,375.69000000000005,369,1,2,2,5,Needs Attention
16859,2011-07-18 12:19:00,2,747.81,145,1,2,3,6,Needs Attention
16861,2011-10-11 09:05:00,2,173.76,60,2,2,1,5,Needs Attention
16863,2011-11-08 15:26:00,2,502.8,31,3,2,2,7,Promising
16866,2011-07-22 10:06:00,3,207.73999999999998,141,2,3,1,6,At Risk
16869,2011-11-17 12:02:00,4,825.42,23,3,3,3,9,Loyal
16871,2011-11-17 19:27:00,6,2812.34,22,3,4,4,11,Loyal
16872,2011-09-23 16:05:00,3,680.02,77,2,3,3,8,At Risk
16873,2011-12-05 12:05:00,6,7123.62,5,4,4,4,12,Champions
16875,2011-10-03 13:39:00,5,2095.53,67,2,4,4,10,At Risk
16877,2011-11-27 13:47:00,6,853.72,12,4,4,3,11,Loyal
16878,2011-09-16 17:39:00,1,13.3,84,2,2,1,5,Needs Attention
16880,2011-11-09 11:33:00,7,1519.08,31,3,4,3,10,Loyal
16881,2011-10-04 10:33:00,1,432.0,67,2,2,2,6,Needs Attention
16882,2011-10-04 10:42:00,3,705.12,67,2,3,3,8,At Risk
16883,2011-06-05 12:51:00,2,276.73,187,1,2,1,4,Needs Attention
16884,2011-11-02 11:52:00,2,429.84000000000003,38,3,2,2,7,Promising
16885,2011-11-24 13:40:00,3,471.51,15,4,3,2,9,Loyal
16887,2011-11-04 14:07:00,1,194.88,35,3,2,1,6,Promising
16889,2011-05-29 11:05:00,3,1578.67,195,1,3,3,7,At Risk
16891,2011-12-08 11:15:00,5,809.7,2,4,4,3,11,Loyal
16892,2011-12-08 13:18:00,5,525.54,1,4,4,2,10,Loyal
16893,2010-12-08 12:06:00,1,145.93,367,1,2,1,4,Needs Attention
16895,2011-10-06 12:15:00,1,219.14,65,2,2,1,5,Needs Attention
16897,2011-02-13 15:02:00,2,289.78,299,1,2,1,4,Needs Attention
16898,2011-11-13 15:44:00,3,508.81,26,3,3,2,8,Loyal
16899,2011-12-02 12:03:00,6,1281.56,8,4,4,3,11,Loyal
16900,2011-11-23 10:32:00,3,882.16,17,4,3,3,10,Loyal
16902,2011-08-15 14:17:00,1,1706.88,116,2,2,4,8,Needs Attention
16903,2011-11-10 15:32:00,1,373.24,29,3,2,2,7,Promising
16904,2011-12-05 13:10:00,15,3735.4700000000003,4,4,4,4,12,Champions
16905,2011-12-04 14:01:00,7,3102.43,5,4,4,4,12,Champions
16906,2011-09-19 11:49:00,4,579.77,82,2,3,2,7,At Risk
16907,2011-11-10 18:04:00,5,981.65,29,3,4,3,10,Loyal
16909,2011-09-28 16:45:00,1,379.14,72,2,2,2,6,Needs Attention
16910,2011-12-05 12:51:00,8,1510.06,4,4,4,3,11,Loyal
16912,2011-11-11 12:18:00,11,2575.38,29,3,4,4,11,Loyal
16913,2011-02-22 12:56:00,1,113.44,290,1,2,1,4,Needs Attention
16914,2011-11-03 15:27:00,1,208.46,36,3,2,1,6,Promising
16915,2011-11-30 16:39:00,6,621.6800000000001,9,4,4,2,10,Loyal
16916,2011-11-16 12:08:00,2,576.26,24,3,2,2,7,Promising
16917,2011-03-08 11:55:00,1,391.52,277,1,2,2,5,Needs Attention
16918,2011-10-21 12:50:00,6,1068.82,50,3,4,3,10,Loyal
16919,2011-07-06 13:35:00,11,2596.45,156,1,4,4,9,At Risk
16921,2011-10-09 16:22:00,1,169.79,61,2,2,1,5,Needs Attention
16923,2011-11-27 13:00:00,19,7247.61,12,4,4,4,12,Champions
16924,2011-11-18 12:53:00,3,846.75,21,3,3,3,9,Loyal
16926,2010-12-03 13:42:00,1,230.25,371,1,2,1,4,Needs Attention
16927,2011-08-16 11:10:00,3,543.05,116,2,3,2,7,At Risk
16928,2011-09-20 15:10:00,17,2839.65,80,2,4,4,10,At Risk
16929,2011-12-06 08:37:00,7,1295.39,4,4,4,3,11,Loyal
16930,2011-11-13 16:13:00,3,380.55,26,3,3,2,8,Loyal
16931,2011-12-04 13:15:00,21,4604.22,5,4,4,4,12,Champions
16932,2011-10-17 14:12:00,1,161.94,53,2,2,1,5,Needs Attention
16933,2011-12-08 12:54:00,2,563.23,1,4,2,2,8,Promising
16934,2011-10-16 12:40:00,2,950.9300000000001,55,2,2,3,7,Needs Attention
16936,2011-11-14 11:04:00,1,262.68,26,3,2,1,6,Promising
16938,2011-12-01 10:20:00,4,2736.38,9,4,3,4,11,Loyal
16940,2011-10-18 13:15:00,3,3049.88,52,2,3,4,9,At Risk
16942,2011-11-27 12:40:00,9,1920.59,13,4,4,4,12,Champions
16943,2011-05-12 11:57:00,3,816.73,212,1,3,3,7,At Risk
16945,2011-11-18 11:39:00,19,4345.5,22,3,4,4,11,Loyal
16947,2011-04-18 09:38:00,1,406.48,236,1,2,2,5,Needs Attention
16948,2011-07-24 12:46:00,3,435.02,139,2,3,2,7,At Risk
16949,2011-12-06 11:07:00,6,1286.27,4,4,4,3,11,Loyal
16950,2011-10-14 09:06:00,3,1178.56,57,2,3,3,8,At Risk
16951,2011-07-28 12:05:00,3,1277.75,135,2,3,3,8,At Risk
16952,2011-08-22 13:03:00,2,167.61,109,2,2,1,5,Needs Attention
16953,2011-11-09 15:54:00,1,20.8,30,3,2,1,6,Promising
16954,2011-12-09 09:46:00,9,2085.08,1,4,4,4,12,Champions
16955,2011-06-08 10:36:00,4,518.67,185,1,3,2,6,At Risk
16956,2011-11-22 08:56:00,1,308.74,18,4,2,2,8,Promising
16957,2011-04-14 13:56:00,2,416.64,239,1,2,2,5,Needs Attention
16959,2011-09-13 15:03:00,1,117.35000000000001,87,2,2,1,5,Needs Attention
16960,2011-11-01 11:35:00,3,505.1,39,3,3,2,8,Loyal
16961,2011-08-15 13:46:00,1,234.17,116,2,2,1,5,Needs Attention
16963,2011-06-05 13:48:00,1,110.55000000000001,187,1,2,1,4,Needs Attention
16965,2011-04-27 12:08:00,1,192.07,227,1,2,1,4,Needs Attention
16966,2011-12-01 13:40:00,7,2154.97,8,4,4,4,12,Champions
16967,2011-06-03 14:24:00,1,319.02,189,1,2,2,5,Needs Attention
16968,2011-12-05 15:02:00,2,439.43,4,4,2,2,8,Promising
16969,2011-10-31 13:12:00,3,650.41,39,3,3,2,8,Loyal
16971,2011-11-01 15:06:00,1,357.21,38,3,2,2,7,Promising
16976,2011-03-17 16:33:00,1,251.51999999999998,267,1,2,1,4,Needs Attention
16978,2011-09-23 12:50:00,1,344.33,78,2,2,2,6,Needs Attention
16979,2011-12-06 12:21:00,6,1852.0,4,4,4,4,12,Champions
16980,2011-03-29 16:36:00,2,1078.96,255,1,2,3,6,Needs Attention
16982,2011-10-10 12:28:00,1,384.06,61,2,2,2,6,Needs Attention
16983,2011-11-27 12:10:00,7,1931.25,13,4,4,4,12,Champions
16984,2011-09-12 13:43:00,2,4481.35,88,2,2,4,8,Needs Attention
16985,2011-11-22 13:33:00,10,5464.12,17,4,4,4,12,Champions
16986,2011-11-10 11:55:00,2,1873.2,30,3,2,4,9,Promising
16987,2011-12-06 17:26:00,7,1625.05,3,4,4,3,11,Loyal
16988,2011-12-04 16:02:00,1,126.12,5,4,2,1,7,Promising
16989,2011-12-02 16:39:00,6,1133.25,7,4,4,3,11,Loyal
16990,2011-05-05 08:30:00,1,179.0,219,1,2,1,4,Needs Attention
16992,2011-11-29 11:50:00,5,1614.31,11,4,4,3,11,Loyal
16996,2011-11-09 16:43:00,6,1456.96,30,3,4,3,10,Loyal
16997,2011-02-24 17:28:00,3,702.0,288,1,3,3,7,At Risk
16998,2011-07-13 09:44:00,4,295.0,150,1,3,1,5,At Risk
16999,2011-11-16 13:53:00,2,484.82,23,3,2,2,7,Promising
17001,2011-12-09 09:38:00,11,3989.57,1,4,4,4,12,Champions
17002,2011-09-15 12:40:00,3,1493.73,86,2,3,3,8,At Risk
17004,2011-10-24 14:25:00,2,1412.94,46,3,2,3,8,Promising
17006,2011-12-05 12:09:00,4,781.78,5,4,3,3,10,Loyal
17007,2011-10-20 10:47:00,6,889.9300000000001,51,3,4,3,10,Loyal
17010,2011-11-21 14:49:00,1,195.36,18,4,2,1,7,Promising
17011,2011-11-09 13:30:00,1,270.9,30,3,2,1,6,Promising
17014,2011-12-01 14:09:00,3,586.33,8,4,3,2,9,Loyal
17015,2011-11-11 10:45:00,3,1842.56,29,3,3,4,10,Loyal
17017,2011-12-07 09:32:00,20,8694.26,3,4,4,4,12,Champions
17018,2011-10-30 11:42:00,2,920.1,41,3,2,3,8,Promising
17019,2011-11-28 13:06:00,4,1272.61,11,4,3,3,10,Loyal
17022,2011-11-08 17:09:00,1,71.0,31,3,2,1,6,Promising
17024,2011-10-25 13:47:00,3,95.85,45,3,3,1,7,Loyal
17025,2011-10-10 09:06:00,3,357.77,61,2,3,2,7,At Risk
17026,2011-06-07 14:28:00,2,154.82999999999998,185,1,2,1,4,Needs Attention
17027,2011-09-22 12:24:00,6,890.29,79,2,4,3,9,At Risk
17029,2011-08-21 11:06:00,2,716.0,111,2,2,3,7,Needs Attention
17030,2011-10-07 08:49:00,1,146.87,64,2,2,1,5,Needs Attention
17031,2011-11-28 10:23:00,2,380.35,12,4,2,2,8,Promising
17033,2011-09-14 14:34:00,3,1030.14,86,2,3,3,8,At Risk
17034,2011-11-23 15:14:00,3,745.52,16,4,3,3,10,Loyal
17035,2011-04-08 11:23:00,2,433.53000000000003,246,1,2,2,5,Needs Attention
17037,2011-09-13 12:49:00,1,1267.32,88,2,2,3,7,Needs Attention
17038,2011-11-09 13:50:00,1,112.4,30,3,2,1,6,Promising
17040,2011-07-25 10:19:00,1,449.73,138,2,2,2,6,Needs Attention
17041,2011-11-13 11:21:00,3,1081.57,27,3,3,3,9,Loyal
17042,2011-12-07 12:26:00,5,1044.3799999999999,3,4,4,3,11,Loyal
17043,2011-11-07 15:33:00,4,1735.18,32,3,3,4,10,Loyal
17044,2011-11-14 14:28:00,1,948.48,25,3,2,3,8,Promising
17045,2011-08-18 17:09:00,3,339.44,113,2,3,2,7,At Risk
17046,2011-07-05 14:24:00,1,642.02,157,1,2,2,5,Needs Attention
17047,2011-09-15 13:27:00,3,1100.9,85,2,3,3,8,At Risk
17048,2011-08-14 11:49:00,3,925.35,118,2,3,3,8,At Risk
17049,2011-12-07 10:48:00,9,5659.9800000000005,3,4,4,4,12,Champions
17050,2011-09-04 13:48:00,6,3228.84,96,2,4,4,10,At Risk
17051,2011-05-29 14:13:00,1,247.14000000000001,194,1,2,1,4,Needs Attention
17052,2011-11-11 14:50:00,1,413.75,28,3,2,2,7,Promising
17053,2011-08-01 10:23:00,1,498.48,131,2,2,2,6,Needs Attention
17054,2011-11-11 12:56:00,5,1356.33,28,3,4,3,10,Loyal
17058,2011-09-19 10:13:00,3,1179.89,82,2,3,3,8,At Risk
17059,2011-11-10 12:27:00,5,3095.04,30,3,4,4,11,Loyal
17060,2011-03-18 13:27:00,1,234.24,266,1,2,1,4,Needs Attention
17061,2011-09-27 11:24:00,11,5232.2300000000005,74,2,4,4,10,At Risk
17062,2011-01-30 11:01:00,4,533.33,314,1,3,2,6,At Risk
17063,2011-11-18 16:19:00,7,1461.14,21,3,4,3,10,Loyal
17064,2011-10-12 10:18:00,3,859.35,59,2,3,3,8,At Risk
17068,2011-11-27 13:14:00,21,4545.89,12,4,4,4,12,Champions
17069,2011-11-11 17:13:00,9,2709.7000000000003,28,3,4,4,11,Loyal
17070,2011-08-17 17:01:00,1,312.14,114,2,2,2,6,Needs Attention
17071,2011-11-11 16:31:00,9,2429.03,28,3,4,4,11,Loyal
17073,2011-11-22 11:47:00,4,1444.84,18,4,3,3,10,Loyal
17075,2011-11-22 11:58:00,4,834.12,18,4,3,3,10,Loyal
17076,2011-11-03 17:53:00,3,841.0799999999999,36,3,3,3,9,Loyal
17078,2011-11-03 19:17:00,2,375.86,36,3,2,2,7,Promising
17079,2011-09-22 15:34:00,1,118.80000000000001,78,2,2,1,5,Needs Attention
17080,2011-11-17 12:59:00,2,287.62,22,3,2,1,6,Promising
17081,2011-11-14 12:56:00,2,290.16,25,3,2,1,6,Promising
17082,2011-11-06 15:17:00,2,2003.85,33,3,2,4,9,Promising
17083,2011-08-22 15:43:00,3,1405.78,109,2,3,3,8,At Risk
17084,2011-11-04 14:54:00,2,2949.75,35,3,2,4,9,Promising
17085,2011-08-08 14:15:00,5,1566.65,123,2,4,3,9,At Risk
17086,2011-12-02 13:54:00,6,2050.08,7,4,4,4,12,Champions
17088,2011-11-11 14:23:00,4,1991.01,28,3,3,4,10,Loyal
17090,2011-12-05 13:44:00,7,2043.95,4,4,4,4,12,Champions
17091,2011-12-07 10:43:00,9,3827.76,3,4,4,4,12,Champions
17092,2011-10-20 19:51:00,4,1777.78,50,3,3,4,10,Loyal
17094,2011-01-21 13:09:00,1,302.0,322,1,2,1,4,Needs Attention
17095,2011-11-17 12:21:00,3,1324.16,23,3,3,3,9,Loyal
17096,2011-11-24 15:01:00,4,1022.13,15,4,3,3,10,Loyal
17097,2011-12-07 17:05:00,8,954.42,2,4,4,3,11,Loyal
17100,2011-11-21 16:36:00,2,971.74,18,4,2,3,9,Promising
17101,2011-11-29 13:57:00,4,1621.73,10,4,3,3,10,Loyal
17102,2011-03-23 10:08:00,1,25.5,262,1,2,1,4,Needs Attention
17105,2011-07-03 15:53:00,2,665.78,159,1,2,2,5,Needs Attention
17107,2011-11-06 14:14:00,6,10815.43,33,3,4,4,11,Loyal
17109,2011-11-10 16:59:00,6,885.04,29,3,4,3,10,Loyal
17110,2011-06-27 12:58:00,1,163.29999999999998,165,1,2,1,4,Needs Attention
17111,2011-10-23 15:59:00,1,248.61,47,3,2,1,6,Promising
17114,2011-12-04 12:17:00,8,808.62,6,4,4,3,11,Loyal
17115,2011-12-01 14:30:00,3,837.5,8,4,3,3,10,Loyal
17117,2011-02-24 13:54:00,1,116.19999999999999,288,1,2,1,4,Needs Attention
17118,2011-01-26 12:19:00,1,157.02,318,1,2,1,4,Needs Attention
17119,2011-12-06 14:40:00,2,606.91,3,4,3,2,9,Loyal
17120,2011-04-20 15:21:00,1,307.46,233,1,2,2,5,Needs Attention
17122,2011-08-12 14:33:00,1,138.32,119,2,2,1,5,Needs Attention
17123,2011-07-01 10:47:00,1,345.29999999999995,162,1,2,2,5,Needs Attention
17124,2011-06-07 14:02:00,1,298.89,185,1,2,1,4,Needs Attention
17125,2011-10-20 14:41:00,1,259.35,50,3,2,1,6,Promising
17126,2011-07-10 13:52:00,5,1004.75,152,1,4,3,8,At Risk
17128,2011-01-09 12:02:00,1,157.09,335,1,2,1,4,Needs Attention
17131,2011-12-04 12:52:00,5,2463.17,5,4,4,4,12,Champions
17133,2011-11-24 12:27:00,7,4892.240000000001,16,4,4,4,12,Champions
17134,2011-08-25 09:53:00,2,425.0,107,2,3,2,7,At Risk
17135,2011-11-23 16:48:00,7,1139.73,16,4,4,3,11,Loyal
17138,2011-03-09 11:54:00,1,380.5,276,1,2,2,5,Needs Attention
17139,2011-11-24 10:12:00,12,10668.47,16,4,4,4,12,Champions
17140,2011-04-06 13:33:00,1,465.32,247,1,2,2,5,Needs Attention
17142,2011-04-14 18:22:00,1,579.0,239,1,2,2,5,Needs Attention
17144,2011-12-08 17:57:00,2,984.57,1,4,3,3,10,Loyal
17146,2011-08-26 12:44:00,3,749.78,106,2,3,3,8,At Risk
17147,2011-11-17 12:32:00,4,1714.59,23,3,3,4,10,Loyal
17148,2011-10-19 09:59:00,1,124.88,52,2,2,1,5,Needs Attention
17152,2011-05-29 12:19:00,3,1689.5,195,1,3,4,8,At Risk
17153,2011-11-15 13:42:00,1,213.78,24,3,2,1,6,Promising
17154,2011-09-25 13:42:00,1,329.34,75,2,2,2,6,Needs Attention
17155,2011-11-22 12:38:00,2,251.70000000000002,18,4,3,1,8,Loyal
17157,2011-12-02 09:10:00,2,319.0,8,4,3,2,9,Loyal
17158,2011-11-07 15:15:00,3,1266.97,32,3,3,3,9,Loyal
17159,2011-11-18 10:52:00,3,1538.88,22,3,3,3,9,Loyal
17160,2011-11-08 14:05:00,6,3518.03,31,3,4,4,11,Loyal
17162,2011-11-11 11:34:00,10,1715.46,29,3,4,4,11,Loyal
17163,2011-11-18 08:57:00,2,293.1,22,3,3,1,7,Loyal
17164,2011-11-07 09:14:00,7,2467.35,33,3,4,4,11,Loyal
17165,2011-02-28 16:39:00,1,158.68,284,1,2,1,4,Needs Attention
17166,2011-11-01 09:46:00,2,206.34,39,3,3,1,7,Loyal
17169,2011-10-13 10:25:00,2,835.78,58,2,3,3,8,At Risk
17171,2011-02-23 16:37:00,1,224.91,289,1,2,1,4,Needs Attention
17172,2011-09-22 09:36:00,1,317.76,79,2,2,2,6,Needs Attention
17173,2011-12-04 14:40:00,8,3766.6,5,4,4,4,12,Champions
17174,2011-05-06 11:47:00,1,59.9,218,1,2,1,4,Needs Attention
17175,2011-10-26 15:31:00,4,1443.69,44,3,3,3,9,Loyal
17176,2011-05-22 12:41:00,1,306.13,202,1,2,2,5,Needs Attention
17179,2011-06-14 16:48:00,3,711.79,178,1,3,3,7,At Risk
17180,2011-10-14 15:46:00,4,796.03,56,2,3,3,8,At Risk
17181,2011-10-13 14:48:00,2,239.92000000000002,57,2,3,1,6,At Risk
17183,2011-12-02 10:07:00,6,3347.31,8,4,4,4,12,Champions
17186,2011-10-24 10:20:00,2,144.0,47,3,3,1,7,Loyal
17187,2011-04-27 12:39:00,1,203.95,227,1,2,1,4,Needs Attention
17188,2011-11-28 13:53:00,7,2474.23,11,4,4,4,12,Champions
17189,2011-08-25 19:39:00,2,384.40000000000003,106,2,3,2,7,At Risk
17190,2011-10-12 11:33:00,2,444.74,59,2,3,2,7,At Risk
17191,2011-11-11 16:58:00,7,2095.13,28,3,4,4,11,Loyal
17193,2011-11-04 12:47:00,7,1699.3000000000002,36,3,4,4,11,Loyal
17194,2010-12-14 12:06:00,1,226.78,361,1,2,1,4,Needs Attention
17197,2011-11-10 10:32:00,1,1013.01,30,3,2,3,8,Promising
17198,2011-11-16 10:39:00,3,692.22,24,3,3,3,9,Loyal
17201,2011-10-17 11:55:00,1,342.63,54,2,2,2,6,Needs Attention
17203,2011-11-04 12:27:00,6,3563.85,36,3,4,4,11,Loyal
17204,2011-06-17 14:46:00,4,1564.56,175,1,3,3,7,At Risk
17205,2011-10-17 12:46:00,1,384.08,54,2,2,2,6,Needs Attention
17206,2011-10-17 13:25:00,1,204.24,53,2,2,1,5,Needs Attention
17211,2011-11-13 12:03:00,8,2317.2200000000003,27,3,4,4,11,Loyal
17212,2011-03-31 19:42:00,1,226.85,253,1,2,1,4,Needs Attention
17213,2011-10-30 14:53:00,7,2781.23,40,3,4,4,11,Loyal
17214,2011-10-10 13:17:00,6,1069.1200000000001,60,2,4,3,9,At Risk
17217,2011-04-19 17:19:00,1,113.5,234,1,2,1,4,Needs Attention
17218,2011-12-05 13:52:00,10,1960.72,4,4,4,4,12,Champions
17219,2011-11-08 11:25:00,1,114.23,32,3,2,1,6,Promising
17220,2011-11-15 13:47:00,14,3198.25,24,3,4,4,11,Loyal
17221,2011-12-02 13:35:00,2,335.13,7,4,3,2,9,Loyal
17222,2011-10-05 13:58:00,1,354.15,65,2,2,2,6,Needs Attention
17223,2011-02-02 15:57:00,2,391.79,310,1,3,2,6,At Risk
17226,2011-02-04 11:52:00,1,393.49,309,1,2,2,5,Needs Attention
17227,2011-11-21 10:51:00,6,939.32,19,3,4,3,10,Loyal
17228,2011-11-24 10:24:00,8,1906.09,16,4,4,4,12,Champions
17229,2011-09-04 13:56:00,2,318.76,96,2,3,2,7,At Risk
17230,2011-03-20 16:12:00,8,3638.41,264,1,4,4,9,At Risk
17231,2011-11-27 15:18:00,10,3174.32,12,4,4,4,12,Champions
17232,2011-12-07 12:21:00,2,421.52,3,4,3,2,9,Loyal
17233,2011-11-04 14:06:00,1,190.88,35,3,2,1,6,Promising
17234,2011-06-10 11:20:00,1,149.89000000000001,183,1,2,1,4,Needs Attention
17235,2011-11-14 15:51:00,2,550.06,25,3,3,2,8,Loyal
17236,2011-11-27 12:00:00,6,916.13,13,4,4,3,11,Loyal
17237,2011-11-28 15:02:00,2,314.69,11,4,3,2,9,Loyal
17238,2011-12-07 11:35:00,17,3744.65,3,4,4,4,12,Champions
17239,2011-01-31 09:41:00,1,382.5,313,1,2,2,5,Needs Attention
17242,2011-08-23 14:55:00,2,1135.04,108,2,3,3,8,At Risk
17243,2011-12-08 13:26:00,26,8668.45,1,4,4,4,12,Champions
17244,2011-10-17 15:19:00,1,954.9,53,2,2,3,7,Needs Attention
17245,2011-05-19 10:43:00,1,171.45,205,1,2,1,4,Needs Attention
17247,2011-11-24 15:21:00,1,282.19,15,4,2,1,7,Promising
17248,2011-08-11 13:34:00,1,318.65,120,2,2,2,6,Needs Attention
17250,2011-12-06 12:15:00,2,384.52,4,4,3,2,9,Loyal
17251,2010-12-12 11:06:00,1,283.28000000000003,363,1,2,1,4,Needs Attention
17252,2011-08-15 09:45:00,2,353.86,117,2,3,2,7,At Risk
17253,2011-11-21 12:59:00,1,178.26,18,4,2,1,7,Promising
17254,2011-12-05 12:46:00,2,272.44,5,4,3,1,8,Loyal
17255,2011-10-30 12:18:00,2,298.41,41,3,3,1,7,Loyal
17256,2011-08-24 13:30:00,2,240.0,107,2,3,1,6,At Risk
17259,2011-07-14 15:01:00,2,603.37,148,1,3,2,6,At Risk
17262,2011-10-18 12:56:00,5,1253.3600000000001,52,2,4,3,9,At Risk
17263,2011-05-15 14:32:00,1,63.440000000000005,208,1,2,1,4,Needs Attention
17265,2011-07-24 10:49:00,2,562.9,139,2,3,2,7,At Risk
17266,2011-12-07 14:12:00,3,310.64,2,4,3,2,9,Loyal
17267,2011-08-04 17:22:00,2,317.62,127,2,3,2,7,At Risk
17268,2011-08-24 10:06:00,4,763.64,108,2,3,3,8,At Risk
17272,2011-10-28 16:37:00,4,2148.63,42,3,3,4,10,Loyal
17274,2011-11-04 13:16:00,1,111.97999999999999,35,3,2,1,6,Promising
17277,2011-04-26 12:47:00,2,1065.3500000000001,228,1,3,3,7,At Risk
17278,2011-04-12 13:10:00,1,246.04,241,1,2,1,4,Needs Attention
17279,2011-10-13 11:58:00,1,187.82999999999998,58,2,2,1,5,Needs Attention
17282,2011-08-01 14:29:00,3,1703.41,130,2,3,4,9,At Risk
17284,2011-10-10 14:38:00,6,1652.58,60,2,4,4,10,At Risk
17286,2011-11-18 12:47:00,1,153.92,22,3,2,1,6,Promising
17287,2011-11-13 13:27:00,7,1064.11,26,3,4,3,10,Loyal
17288,2011-11-30 16:09:00,7,1419.73,9,4,4,3,11,Loyal
17289,2011-11-08 12:01:00,3,944.41,32,3,3,3,9,Loyal
17290,2011-12-06 12:38:00,2,525.24,4,4,3,2,9,Loyal
17291,2011-02-04 13:04:00,1,550.8000000000001,308,1,2,2,5,Needs Attention
17293,2011-12-01 14:37:00,9,1875.1100000000001,8,4,4,4,12,Champions
17295,2011-11-11 10:49:00,3,556.95,29,3,3,2,8,Loyal
17297,2011-11-22 14:43:00,1,131.78,17,4,2,1,7,Promising
17298,2011-08-30 16:43:00,2,498.42,101,2,3,2,7,At Risk
17299,2011-11-28 12:01:00,4,669.11,12,4,3,3,10,Loyal
17301,2011-11-18 13:43:00,1,197.63,21,3,2,1,6,Promising
17302,2011-11-25 09:36:00,5,1135.63,15,4,4,3,11,Loyal
17303,2010-12-13 13:32:00,1,250.04,361,1,2,1,4,Needs Attention
17306,2011-11-29 12:14:00,19,8631.31,11,4,4,4,12,Champions
17309,2011-09-05 15:20:00,1,82.75,95,2,2,1,5,Needs Attention
17311,2011-09-22 14:11:00,2,1384.85,78,2,3,3,8,At Risk
17312,2011-07-24 11:52:00,3,644.3,139,2,3,2,7,At Risk
17313,2011-11-08 15:45:00,1,2328.84,31,3,2,4,9,Promising
17314,2011-11-15 09:41:00,8,2527.92,25,3,4,4,11,Loyal
17315,2011-12-08 12:15:00,36,6252.18,2,4,4,4,12,Champions
17317,2011-10-24 17:19:00,3,2600.34,46,3,3,4,10,Loyal
17320,2011-08-31 13:31:00,3,1200.6200000000001,100,2,3,3,8,At Risk
17321,2011-12-01 13:41:00,2,700.86,8,4,3,3,10,Loyal
17323,2011-11-24 17:29:00,7,917.67,15,4,4,3,11,Loyal
17324,2011-11-22 10:34:00,4,990.23,18,4,3,3,10,Loyal
17325,2011-03-04 13:09:00,1,96.8,280,1,2,1,4,Needs Attention
17329,2011-11-25 14:24:00,2,523.11,14,4,3,2,9,Loyal
17330,2011-11-17 08:56:00,2,363.9,23,3,3,2,8,Loyal
17331,2011-08-08 11:55:00,1,175.2,124,2,2,1,5,Needs Attention
17333,2011-09-15 10:11:00,1,494.25,86,2,2,2,6,Needs Attention
17334,2011-02-10 14:59:00,2,307.02,302,1,3,2,6,At Risk
17337,2011-07-11 14:55:00,4,2026.42,151,1,3,4,8,At Risk
17338,2011-11-22 14:23:00,8,6635.14,17,4,4,4,12,Champions
17339,2011-09-06 13:29:00,2,243.36,94,2,3,1,6,At Risk
17340,2011-11-10 10:45:00,11,12353.29,30,3,4,4,11,Loyal
17341,2011-07-06 12:33:00,3,781.36,157,1,3,3,7,At Risk
17343,2010-12-19 15:07:00,1,193.64,355,1,2,1,4,Needs Attention
17344,2011-10-24 12:56:00,1,160.57,46,3,2,1,6,Promising
17345,2011-11-24 15:03:00,4,537.74,15,4,3,2,9,Loyal
17346,2011-12-06 12:18:00,15,2676.56,4,4,4,4,12,Champions
17347,2011-09-14 13:12:00,1,228.96,86,2,2,1,5,Needs Attention
17348,2011-11-25 11:25:00,5,1159.52,15,4,4,3,11,Loyal
17349,2011-06-13 14:29:00,1,110.75,179,1,2,1,4,Needs Attention
17350,2011-12-01 15:47:00,4,1286.07,8,4,3,3,10,Loyal
17351,2011-11-03 18:45:00,3,587.15,36,3,3,2,8,Loyal
17353,2011-08-02 17:19:00,2,1740.0,129,2,3,4,9,At Risk
17354,2011-10-20 10:34:00,1,1393.06,51,3,2,3,8,Promising
17356,2011-02-01 11:07:00,1,178.22,312,1,2,1,4,Needs Attention
17357,2011-11-15 16:30:00,2,388.14,24,3,3,2,8,Loyal
17358,2011-02-09 16:57:00,2,365.85,303,1,3,2,6,At Risk
17359,2011-11-28 14:37:00,1,127.86,11,4,2,1,7,Promising
17360,2011-11-22 13:11:00,3,585.79,17,4,3,2,9,Loyal
17361,2011-10-21 15:43:00,3,488.2,49,3,3,2,8,Loyal
17362,2011-04-14 14:43:00,2,312.23,239,1,3,2,6,At Risk
17364,2011-12-09 09:00:00,11,4481.18,1,4,4,4,12,Champions
17365,2011-11-27 12:13:00,8,4796.52,13,4,4,4,12,Champions
17367,2011-04-15 14:21:00,1,168.4,238,1,2,1,4,Needs Attention
17368,2011-11-16 15:26:00,8,1912.67,23,3,4,4,11,Loyal
17370,2011-09-28 10:14:00,4,446.18,73,2,3,2,7,At Risk
17371,2011-11-22 13:30:00,3,423.89,17,4,3,2,9,Loyal
17372,2011-10-30 11:37:00,8,1342.68,41,3,4,3,10,Loyal
17373,2011-10-30 15:28:00,4,646.92,40,3,3,2,8,Loyal
17374,2011-05-05 09:05:00,2,495.77,219,1,3,2,6,At Risk
17375,2011-05-24 15:45:00,3,400.1,199,1,3,2,6,At Risk
17376,2011-09-30 12:36:00,2,203.2,71,2,3,1,6,At Risk
17377,2011-11-16 11:17:00,20,4100.92,24,3,4,4,11,Loyal
17379,2011-11-28 13:56:00,1,404.66,11,4,2,2,8,Promising
17381,2011-12-01 11:59:00,29,20275.61,9,4,4,4,12,Champions
17382,2011-10-05 13:05:00,1,65.4,65,2,2,1,5,Needs Attention
17383,2011-12-05 17:36:00,1,199.29,4,4,2,1,7,Promising
17384,2011-11-20 15:48:00,2,336.4,19,3,3,2,8,Loyal
17385,2011-11-25 11:02:00,1,261.11,15,4,2,1,7,Promising
17386,2011-12-02 11:28:00,6,2686.42,8,4,4,4,12,Champions
17387,2011-11-20 11:00:00,2,784.11,20,3,3,3,9,Loyal
17388,2011-09-23 10:31:00,4,1259.56,78,2,3,3,8,At Risk
17389,2011-12-09 09:38:00,34,31833.68,1,4,4,4,12,Champions
17391,2011-06-29 09:58:00,2,508.8,164,1,3,2,6,At Risk
17392,2011-02-06 12:48:00,2,451.91,307,1,3,2,6,At Risk
17394,2011-05-04 13:22:00,1,203.86999999999998,219,1,2,1,4,Needs Attention
17396,2011-10-31 14:12:00,7,7312.8,39,3,4,4,11,Loyal
17397,2011-11-17 14:08:00,2,696.41,22,3,3,3,9,Loyal
17398,2011-08-17 09:48:00,3,653.38,115,2,3,2,7,At Risk
17400,2011-08-05 15:38:00,5,2129.96,126,2,4,4,10,At Risk
17402,2011-12-05 10:15:00,12,2598.85,5,4,4,4,12,Champions
17403,2011-11-03 15:18:00,1,281.62,36,3,2,1,6,Promising
17404,2011-12-05 16:26:00,13,31781.82,4,4,4,4,12,Champions
17405,2011-12-08 17:12:00,3,1031.41,1,4,3,3,10,Loyal
17406,2011-01-10 15:07:00,3,2200.42,333,1,3,4,8,At Risk
17408,2011-06-29 12:53:00,1,32.65,163,1,2,1,4,Needs Attention
17409,2011-06-08 10:36:00,2,771.85,185,1,3,3,7,At Risk
17410,2011-11-23 15:46:00,5,1214.72,16,4,4,3,11,Loyal
17411,2011-11-27 14:25:00,3,778.94,12,4,3,3,10,Loyal
17412,2011-12-07 11:36:00,7,1258.06,3,4,4,3,11,Loyal
17414,2011-10-27 12:13:00,2,778.0,44,3,3,3,9,Loyal
17415,2011-09-21 12:50:00,1,507.84,80,2,2,2,6,Needs Attention
17416,2011-11-10 12:47:00,7,6893.42,30,3,4,4,11,Loyal
17418,2011-10-28 13:00:00,2,463.46000000000004,42,3,3,2,8,Loyal
17419,2011-11-28 13:47:00,12,4226.57,11,4,4,4,12,Champions
17420,2011-10-20 14:52:00,3,598.83,50,3,3,2,8,Loyal
17422,2011-11-23 13:27:00,6,1979.37,16,4,4,4,12,Champions
17423,2011-10-24 13:36:00,2,698.41,46,3,3,3,9,Loyal
17425,2011-11-20 15:30:00,2,759.17,19,3,3,3,9,Loyal
17426,2011-12-01 18:07:00,6,5037.26,8,4,4,4,12,Champions
17427,2011-09-29 11:29:00,1,100.8,72,2,2,1,5,Needs Attention
17428,2011-12-09 09:45:00,28,17256.85,1,4,4,4,12,Champions
17429,2011-08-03 13:22:00,3,524.9200000000001,128,2,3,2,7,At Risk
17430,2011-11-07 09:24:00,2,265.76,33,3,3,1,7,Loyal
17431,2011-01-30 14:36:00,1,403.3,313,1,2,2,5,Needs Attention
17432,2011-11-21 17:33:00,2,365.76,18,4,3,2,9,Loyal
17433,2011-09-12 14:24:00,1,303.15999999999997,88,2,2,1,5,Needs Attention
17434,2011-12-07 13:16:00,7,2373.82,2,4,4,4,12,Champions
17436,2011-12-08 12:30:00,2,216.29999999999998,2,4,3,1,8,Loyal
17438,2011-03-31 10:26:00,1,388.45000000000005,254,1,2,2,5,Needs Attention
17440,2011-07-06 11:54:00,3,186.42000000000002,157,1,3,1,5,At Risk
17442,2011-11-03 09:17:00,6,2248.56,37,3,4,4,11,Loyal
17443,2011-05-04 10:47:00,1,534.24,220,1,2,2,5,Needs Attention
17444,2011-07-11 10:33:00,2,2389.1,152,1,3,4,8,At Risk
17446,2011-06-16 10:42:00,2,120.9,177,1,3,1,5,At Risk
17447,2011-10-30 14:18:00,2,541.53,40,3,3,2,8,Loyal
17449,2011-12-07 16:56:00,7,2517.86,2,4,4,4,12,Champions
17450,2011-12-01 13:29:00,46,194550.79,8,4,4,4,12,Champions
17451,2011-12-08 15:02:00,7,1721.4,1,4,4,4,12,Champions
17453,2011-11-22 09:42:00,2,486.71999999999997,18,4,3,2,9,Loyal
17454,2011-05-31 13:58:00,4,517.53,192,1,3,2,6,At Risk
17455,2011-05-20 12:31:00,1,131.7,204,1,2,1,4,Needs Attention
17456,2010-12-09 15:23:00,1,249.86,365,1,2,1,4,Needs Attention
17457,2011-08-05 12:48:00,5,1737.7,127,2,4,4,10,At Risk
17458,2011-11-24 13:01:00,1,316.5,15,4,2,2,8,Promising
17459,2011-10-27 13:25:00,2,657.3,43,3,3,2,8,Loyal
17460,2011-09-06 15:04:00,6,622.4300000000001,94,2,4,2,8,At Risk
17461,2011-11-17 10:21:00,3,757.46,23,3,3,3,9,Loyal
17462,2011-10-10 13:56:00,2,675.69,60,2,3,3,8,At Risk
17463,2011-11-23 13:40:00,5,1896.41,16,4,4,4,12,Champions
17464,2011-07-04 13:19:00,1,289.96000000000004,158,1,2,1,4,Needs Attention
17466,2011-11-29 13:15:00,2,763.28,10,4,3,3,10,Loyal
17468,2011-11-29 15:33:00,2,137.0,10,4,3,1,8,Loyal
17469,2011-11-23 13:15:00,5,1870.97,16,4,4,4,12,Champions
17470,2011-10-26 12:42:00,5,1125.07,45,3,4,3,10,Loyal
17472,2011-06-01 14:57:00,3,710.29,191,1,3,3,7,At Risk
17475,2011-09-21 14:55:00,1,194.37,79,2,2,1,5,Needs Attention
17480,2011-09-23 11:39:00,1,511.82,78,2,2,2,6,Needs Attention
17481,2011-12-06 12:28:00,4,1255.59,4,4,3,3,10,Loyal
17483,2011-10-05 13:10:00,3,414.04,65,2,3,2,7,At Risk
17486,2011-03-23 14:00:00,1,396.87,261,1,2,2,5,Needs Attention
17489,2011-10-12 08:56:00,2,376.64,59,2,3,2,7,At Risk
17490,2011-12-09 09:08:00,7,2092.32,1,4,4,4,12,Champions
17491,2011-12-08 16:18:00,10,3558.87,1,4,4,4,12,Champions
17492,2011-04-05 15:21:00,1,374.57,248,1,2,2,5,Needs Attention
17495,2011-12-02 12:08:00,2,497.56,8,4,3,2,9,Loyal
17496,2010-12-16 08:39:00,1,271.05,359,1,2,1,4,Needs Attention
17498,2011-09-25 12:25:00,1,272.22,76,2,2,1,5,Needs Attention
17499,2011-02-23 09:14:00,1,622.88,290,1,2,2,5,Needs Attention
17500,2011-11-22 14:25:00,3,1138.0,17,4,3,3,10,Loyal
17501,2011-05-03 09:47:00,2,288.6,221,1,3,1,5,At Risk
17502,2011-11-30 13:13:00,4,689.1,9,4,3,3,10,Loyal
17503,2011-12-07 09:18:00,2,558.96,3,4,3,2,9,Loyal
17504,2011-05-17 12:59:00,9,2997.0299999999997,206,1,4,4,9,At Risk
17505,2011-07-01 12:50:00,2,1145.84,162,1,3,3,7,At Risk
17506,2011-09-25 11:39:00,1,302.2,76,2,2,1,5,Needs Attention
17507,2011-03-23 11:48:00,2,605.58,262,1,3,2,6,At Risk
17508,2011-03-04 08:10:00,1,387.31,281,1,2,2,5,Needs Attention
17509,2011-10-13 10:26:00,8,6115.14,58,2,4,4,10,At Risk
17510,2011-11-15 10:00:00,1,308.48,25,3,2,2,7,Promising
17511,2011-12-07 10:12:00,31,91062.38,3,4,4,4,12,Champions
17512,2011-11-11 12:11:00,10,2924.9900000000002,29,3,4,4,11,Loyal
17513,2011-09-28 16:42:00,1,513.2,72,2,2,2,6,Needs Attention
17514,2011-08-03 15:45:00,1,208.65,128,2,2,1,5,Needs Attention
17515,2011-11-08 14:04:00,4,639.02,31,3,3,2,8,Loyal
17516,2011-11-24 16:51:00,5,768.08,15,4,4,3,11,Loyal
17517,2011-02-04 11:48:00,1,153.94,309,1,2,1,4,Needs Attention
17519,2011-11-22 16:43:00,6,1844.02,17,4,4,4,12,Champions
17520,2011-10-17 12:04:00,1,546.81,54,2,2,2,6,Needs Attention
17521,2011-11-10 11:22:00,3,723.2099999999999,30,3,3,3,9,Loyal
17522,2011-12-08 12:31:00,5,1066.15,2,4,4,3,11,Loyal
17523,2011-11-28 13:20:00,4,652.74,11,4,3,2,9,Loyal
17524,2010-12-13 14:32:00,1,145.0,361,1,2,1,4,Needs Attention
17525,2010-12-15 12:05:00,1,422.70000000000005,360,1,2,2,5,Needs Attention
17526,2011-12-05 11:05:00,4,1195.8999999999999,5,4,3,3,10,Loyal
17527,2011-10-17 12:32:00,4,939.37,54,2,3,3,8,At Risk
17528,2011-12-08 13:27:00,8,3628.5,1,4,4,4,12,Champions
17530,2011-12-08 18:42:00,10,2380.41,1,4,4,4,12,Champions
17531,2011-06-02 19:17:00,1,296.7,190,1,2,1,4,Needs Attention
17534,2011-10-17 12:47:00,1,223.36,54,2,2,1,5,Needs Attention
17535,2011-03-04 15:20:00,1,164.4,280,1,2,1,4,Needs Attention
17536,2011-06-15 13:23:00,1,76.5,177,1,2,1,4,Needs Attention
17537,2011-11-10 10:56:00,2,897.62,30,3,3,3,9,Loyal
17538,2011-11-14 12:12:00,1,98.42,26,3,2,1,6,Promising
17540,2011-11-15 11:56:00,2,578.9,25,3,3,2,8,Loyal
17542,2011-03-15 11:45:00,1,170.75,270,1,2,1,4,Needs Attention
17545,2011-10-27 14:04:00,3,645.96,43,3,3,2,8,Loyal
17548,2011-04-20 12:01:00,1,103.3,234,1,2,1,4,Needs Attention
17549,2011-11-16 09:59:00,2,148.86,24,3,3,1,7,Loyal
17550,2011-05-26 14:09:00,3,267.16,197,1,3,1,5,At Risk
17551,2010-12-15 14:12:00,1,306.84,359,1,2,2,5,Needs Attention
17552,2011-10-10 17:00:00,4,930.41,60,2,3,3,8,At Risk
17553,2011-08-02 10:00:00,1,1487.6,130,2,2,3,7,Needs Attention
17554,2011-12-08 14:15:00,5,1952.45,1,4,4,4,12,Champions
17555,2011-11-20 12:22:00,2,483.26,20,3,3,2,8,Loyal
17556,2011-05-18 10:48:00,1,157.9,206,1,2,1,4,Needs Attention
17557,2011-11-25 12:57:00,3,541.46,14,4,3,2,9,Loyal
17560,2011-09-06 09:18:00,4,854.95,95,2,3,3,8,At Risk
17561,2011-11-20 12:53:00,1,167.62,19,3,2,1,6,Promising
17562,2011-11-25 14:21:00,7,1122.38,14,4,4,3,11,Loyal
17564,2011-11-15 13:27:00,3,454.01,24,3,3,2,8,Loyal
17566,2011-12-01 19:54:00,2,901.21,8,4,3,3,10,Loyal
17567,2011-12-02 15:48:00,8,4331.48,7,4,4,4,12,Champions
17569,2011-01-11 14:15:00,1,344.14,332,1,2,2,5,Needs Attention
17571,2011-10-20 15:57:00,4,1497.26,50,3,3,3,9,Loyal
17572,2011-09-29 17:53:00,4,226.75000000000003,71,2,3,1,6,At Risk
17573,2011-11-10 13:01:00,3,380.6,29,3,3,2,8,Loyal
17574,2011-04-11 09:47:00,1,185.65,243,1,2,1,4,Needs Attention
17576,2011-12-01 17:56:00,19,3622.68,8,4,4,4,12,Champions
17578,2011-05-05 18:38:00,1,143.45999999999998,218,1,2,1,4,Needs Attention
17579,2011-12-05 12:28:00,3,448.90000000000003,5,4,3,2,9,Loyal
17580,2011-04-01 12:41:00,3,212.77,253,1,3,1,5,At Risk
17581,2011-12-09 12:21:00,25,11045.04,1,4,4,4,12,Champions
17582,2011-04-17 13:18:00,1,175.27,236,1,2,1,4,Needs Attention
17584,2011-12-02 17:12:00,2,1242.3,7,4,3,3,10,Loyal
17585,2011-08-22 13:30:00,4,1133.07,109,2,3,3,8,At Risk
17588,2011-08-31 13:37:00,3,1240.2,100,2,3,3,8,At Risk
17589,2011-10-10 16:58:00,4,2402.92,60,2,3,4,9,At Risk
17590,2011-12-07 12:55:00,3,1477.97,2,4,3,3,10,Loyal
17591,2011-09-27 13:42:00,7,2225.9700000000003,73,2,4,4,10,At Risk
17593,2011-12-06 10:30:00,5,3927.34,4,4,4,4,12,Champions
17594,2011-09-15 16:34:00,2,993.18,85,2,3,3,8,At Risk
17595,2011-11-27 16:08:00,2,388.79,12,4,3,2,9,Loyal
17596,2011-11-16 14:11:00,7,2827.93,23,3,4,4,11,Loyal
17597,2011-05-10 11:54:00,1,2044.3700000000001,214,1,2,4,7,Needs Attention
17600,2011-11-22 09:43:00,1,161.67000000000002,18,4,2,1,7,Promising
17601,2011-04-14 18:02:00,1,116.00999999999999,239,1,2,1,4,Needs Attention
17602,2011-12-07 13:53:00,6,5102.97,2,4,4,4,12,Champions
17603,2011-09-22 14:18:00,1,394.72,78,2,2,2,6,Needs Attention
17604,2011-05-06 13:43:00,2,309.36,217,1,3,2,6,At Risk
17608,2011-11-06 13:06:00,2,193.42,33,3,3,1,7,Loyal
17609,2011-10-30 12:28:00,5,1104.72,41,3,4,3,10,Loyal
17611,2011-12-02 13:29:00,15,3984.22,7,4,4,4,12,Champions
17612,2011-10-17 14:59:00,6,2048.45,53,2,4,4,10,At Risk
17613,2011-11-17 10:51:00,14,4559.150000000001,23,3,4,4,11,Loyal
17614,2011-10-13 16:01:00,1,390.07,57,2,2,2,6,Needs Attention
17615,2011-08-01 14:06:00,3,329.6,130,2,3,2,7,At Risk
17616,2011-06-19 10:11:00,3,571.1999999999999,174,1,3,2,6,At Risk
17618,2011-12-04 11:50:00,3,971.58,6,4,3,3,10,Loyal
17619,2011-01-31 14:18:00,1,218.52,312,1,2,1,4,Needs Attention
17620,2011-10-11 12:08:00,1,81.44,60,2,2,1,5,Needs Attention
17621,2011-11-18 17:11:00,3,1379.9,21,3,3,3,9,Loyal
17623,2011-11-07 11:32:00,1,527.0500000000001,33,3,2,2,7,Promising
17624,2011-11-25 10:52:00,2,843.48,15,4,3,3,10,Loyal
17625,2011-11-21 13:36:00,4,2047.0,18,4,3,4,11,Loyal
17628,2011-09-19 15:21:00,1,75.75,81,2,2,1,5,Needs Attention
17629,2011-12-04 10:56:00,8,1814.12,6,4,4,4,12,Champions
17630,2011-06-23 11:58:00,2,503.59999999999997,170,1,3,2,6,At Risk
17631,2011-12-08 09:47:00,3,528.33,2,4,3,2,9,Loyal
17633,2011-11-08 13:25:00,4,1324.84,31,3,3,3,9,Loyal
17634,2011-11-03 13:09:00,9,2361.9700000000003,36,3,4,4,11,Loyal
17636,2011-11-20 14:40:00,1,285.56,19,3,2,1,6,Promising
17637,2011-11-08 12:51:00,2,547.0600000000001,31,3,3,2,8,Loyal
17639,2011-03-08 15:22:00,1,108.5,276,1,2,1,4,Needs Attention
17640,2011-09-14 09:13:00,1,621.66,87,2,2,2,6,Needs Attention
17642,2011-08-12 09:11:00,2,712.29,120,2,3,3,8,At Risk
17643,2010-12-01 14:38:00,1,101.55,373,1,2,1,4,Needs Attention
17644,2011-12-08 13:43:00,11,2895.64,1,4,4,4,12,Champions
17646,2011-05-04 13:17:00,3,1008.39,219,1,3,3,7,At Risk
17647,2011-10-05 15:38:00,1,133.06,65,2,2,1,5,Needs Attention
17648,2011-10-10 09:41:00,4,1797.5,61,2,3,4,9,At Risk
17649,2011-07-24 15:53:00,1,868.49,138,2,2,3,7,Needs Attention
17650,2011-11-18 14:52:00,1,166.08,21,3,2,1,6,Promising
17651,2011-11-28 10:29:00,10,3945.0,12,4,4,4,12,Champions
17652,2011-11-14 12:55:00,12,4867.72,25,3,4,4,11,Loyal
17653,2011-11-03 12:46:00,4,1207.56,37,3,3,3,9,Loyal
17654,2011-03-07 13:17:00,1,117.55,277,1,2,1,4,Needs Attention
17655,2011-11-29 11:34:00,7,2638.94,11,4,4,4,12,Champions
17656,2011-09-27 13:04:00,5,1674.69,73,2,4,4,10,At Risk
17658,2011-11-14 12:07:00,2,595.42,26,3,3,2,8,Loyal
17659,2011-11-22 13:29:00,12,2999.46,17,4,4,4,12,Champions
17660,2011-07-21 13:37:00,1,196.0,141,2,2,1,5,Needs Attention
17663,2011-11-14 08:56:00,7,1802.91,26,3,4,4,11,Loyal
17664,2011-11-21 11:29:00,2,604.64,19,3,3,2,8,Loyal
17666,2011-12-06 09:06:00,2,728.16,4,4,3,3,10,Loyal
17667,2011-10-04 14:32:00,5,2055.51,66,2,4,4,10,At Risk
17668,2011-12-08 13:25:00,2,347.75,1,4,3,2,9,Loyal
17669,2011-10-28 08:53:00,7,3406.7200000000003,43,3,4,4,11,Loyal
17670,2011-04-26 09:12:00,1,205.7,228,1,2,1,4,Needs Attention
17671,2011-11-24 12:21:00,4,1572.71,16,4,3,3,10,Loyal
17672,2011-10-20 14:18:00,2,3178.17,50,3,3,4,10,Loyal
17673,2011-12-08 12:50:00,6,1629.12,2,4,4,3,11,Loyal
17674,2011-09-26 13:35:00,2,551.04,74,2,3,2,7,At Risk
17675,2011-12-08 18:03:00,31,20374.28,1,4,4,4,12,Champions
17676,2011-12-05 15:16:00,6,1387.68,4,4,4,3,11,Loyal
17677,2011-12-08 09:56:00,30,16363.23,2,4,4,4,12,Champions
17678,2011-03-21 11:52:00,1,298.11,264,1,2,1,4,Needs Attention
17679,2011-10-18 07:43:00,2,1992.1100000000001,53,2,3,4,9,At Risk
17680,2011-11-16 12:42:00,1,184.4,24,3,2,1,6,Promising
17682,2011-11-29 15:59:00,6,2474.33,10,4,4,4,12,Champions
17684,2011-10-27 11:10:00,1,239.41,44,3,2,1,6,Promising
17685,2011-11-23 11:36:00,7,3191.53,17,4,4,4,12,Champions
17686,2011-12-02 15:39:00,7,5739.46,7,4,4,4,12,Champions
17690,2011-11-09 15:17:00,15,4757.95,30,3,4,4,11,Loyal
17691,2010-12-16 17:20:00,2,290.40000000000003,358,1,3,1,5,At Risk
17692,2011-08-04 14:01:00,4,725.5799999999999,127,2,3,3,8,At Risk
17693,2011-07-25 15:48:00,1,200.47,137,2,2,1,5,Needs Attention
17694,2011-07-21 12:00:00,1,283.12,142,2,2,1,5,Needs Attention
17695,2011-07-31 10:40:00,2,765.34,132,2,3,3,8,At Risk
17696,2011-11-01 13:43:00,8,2285.71,38,3,4,4,11,Loyal
17697,2011-04-17 15:40:00,1,338.95,236,1,2,2,5,Needs Attention
17698,2011-03-24 11:34:00,1,154.95,261,1,2,1,4,Needs Attention
17700,2011-11-23 11:51:00,4,2534.64,17,4,3,4,11,Loyal
17701,2011-04-01 12:25:00,1,417.95,253,1,2,2,5,Needs Attention
17702,2011-11-09 16:03:00,4,1824.37,30,3,3,4,10,Loyal
17703,2011-11-04 15:51:00,3,798.74,35,3,3,3,9,Loyal
17704,2011-06-24 09:40:00,2,885.19,169,1,3,3,7,At Risk
17705,2011-12-06 13:45:00,9,1823.52,3,4,4,4,12,Champions
17706,2011-12-05 13:34:00,17,10504.49,4,4,4,4,12,Champions
17707,2011-06-07 15:03:00,2,152.4,185,1,3,1,5,At Risk
17708,2011-06-05 10:12:00,2,267.08,188,1,3,1,5,At Risk
17709,2011-06-23 11:55:00,1,137.45,170,1,2,1,4,Needs Attention
17711,2011-11-29 11:40:00,2,385.1,11,4,3,2,9,Loyal
17712,2011-10-26 12:28:00,1,522.91,45,3,2,2,7,Promising
17714,2011-01-23 10:32:00,1,153.0,321,1,2,1,4,Needs Attention
17715,2011-05-23 12:32:00,1,326.4,201,1,2,2,5,Needs Attention
17716,2011-11-17 12:00:00,11,5655.99,23,3,4,4,11,Loyal
17718,2011-04-21 13:39:00,1,139.35,232,1,2,1,4,Needs Attention
17719,2011-11-02 10:36:00,15,5396.04,38,3,4,4,11,Loyal
17720,2011-11-13 15:04:00,4,1195.94,26,3,3,3,9,Loyal
17722,2011-09-04 15:22:00,4,2424.04,96,2,3,4,9,At Risk
17723,2011-08-04 18:37:00,6,3276.4000000000005,127,2,4,4,10,At Risk
17724,2011-09-29 15:26:00,3,1033.0,71,2,3,3,8,At Risk
17725,2011-11-23 16:34:00,11,3439.08,16,4,4,4,12,Champions
17727,2011-11-24 17:06:00,1,1060.25,15,4,2,3,9,Promising
17728,2011-12-06 08:52:00,3,2876.01,4,4,3,4,11,Loyal
17730,2011-12-06 15:43:00,13,5298.4800000000005,3,4,4,4,12,Champions
17731,2011-09-21 15:02:00,4,1240.11,79,2,3,3,8,At Risk
17732,2010-12-02 09:29:00,1,303.97,373,1,2,1,4,Needs Attention
17733,2011-11-01 08:16:00,2,692.19,39,3,3,3,9,Loyal
17734,2011-10-17 12:33:00,3,700.63,54,2,3,3,8,At Risk
17735,2011-12-07 16:47:00,19,13110.02,2,4,4,4,12,Champions
17736,2011-11-30 15:36:00,3,377.44,9,4,3,2,9,Loyal
17737,2011-11-30 15:16:00,2,168.24,9,4,3,1,8,Loyal
17738,2011-11-20 15:05:00,4,1879.05,19,3,3,4,10,Loyal
17739,2011-11-28 09:12:00,7,2791.35,12,4,4,4,12,Champions
17742,2011-08-18 15:28:00,2,355.11,113,2,3,2,7,At Risk
17744,2011-12-06 12:11:00,6,2322.4,4,4,4,4,12,Champions
17746,2011-04-13 14:31:00,1,110.25,240,1,2,1,4,Needs Attention
17747,2011-08-19 08:13:00,1,71.4,113,2,2,1,5,Needs Attention
17749,2011-06-14 15:45:00,2,674.52,178,1,3,3,7,At Risk
17750,2011-12-04 14:09:00,9,1781.28,5,4,4,4,12,Champions
17752,2010-12-15 16:19:00,1,80.64,359,1,2,1,4,Needs Attention
17754,2011-12-09 11:20:00,5,1772.26,1,4,4,4,12,Champions
17757,2011-12-08 15:31:00,30,5601.34,1,4,4,4,12,Champions
17758,2011-11-20 14:45:00,8,3456.7000000000003,19,3,4,4,11,Loyal
17759,2011-11-22 16:02:00,3,833.74,17,4,3,3,10,Loyal
17760,2011-11-18 10:56:00,2,287.59,22,3,3,1,7,Loyal
17761,2011-11-07 10:23:00,1,712.78,33,3,2,3,8,Promising
17763,2011-03-21 14:25:00,1,15.0,263,1,2,1,4,Needs Attention
17764,2011-10-20 11:03:00,2,818.8199999999999,51,3,3,3,9,Loyal
17765,2011-07-04 12:41:00,3,371.88,159,1,3,2,6,At Risk
17767,2011-11-24 14:42:00,1,271.2,15,4,2,1,7,Promising
17768,2011-12-01 13:22:00,3,2273.1800000000003,8,4,3,4,11,Loyal
17769,2011-11-27 11:18:00,10,3997.98,13,4,4,4,12,Champions
17770,2011-05-25 12:34:00,5,1143.27,199,1,4,3,8,At Risk
17771,2011-10-14 11:43:00,2,245.33,57,2,3,1,6,At Risk
17772,2011-11-29 11:05:00,2,182.77,11,4,3,1,8,Loyal
17774,2011-09-04 12:49:00,4,1225.41,97,2,3,3,8,At Risk
17775,2011-03-30 10:50:00,1,56.4,255,1,2,1,4,Needs Attention
17777,2011-11-15 12:02:00,3,665.86,25,3,3,2,8,Loyal
17779,2011-11-18 14:15:00,3,658.57,21,3,3,2,8,Loyal
17781,2011-07-03 16:00:00,2,188.02,159,1,3,1,5,At Risk
17783,2011-09-28 16:07:00,2,283.47,72,2,3,1,6,At Risk
17785,2011-10-17 13:43:00,1,131.94,53,2,2,1,5,Needs Attention
17786,2011-09-15 12:51:00,2,278.74,85,2,3,1,6,At Risk
17787,2011-07-10 11:24:00,4,1865.19,153,1,3,4,8,At Risk
17788,2011-09-27 10:09:00,2,1112.95,74,2,3,3,8,At Risk
17789,2011-03-03 13:14:00,1,225.9,281,1,2,1,4,Needs Attention
17790,2011-11-13 11:30:00,14,1965.55,27,3,4,4,11,Loyal
17791,2011-11-10 12:09:00,1,106.1,30,3,2,1,6,Promising
17793,2011-11-14 14:24:00,1,323.04,25,3,2,2,7,Promising
17795,2011-06-13 12:36:00,2,350.39,180,1,3,2,6,At Risk
17796,2011-10-30 15:38:00,4,697.9,40,3,3,3,9,Loyal
17797,2011-11-17 13:21:00,3,780.43,22,3,3,3,9,Loyal
17799,2011-11-17 15:16:00,10,3055.93,22,3,4,4,11,Loyal
17800,2011-11-02 12:57:00,9,1198.01,37,3,4,3,10,Loyal
17802,2011-09-18 14:56:00,3,1285.04,82,2,3,3,8,At Risk
17805,2011-09-27 11:49:00,1,512.31,74,2,2,2,6,Needs Attention
17806,2011-11-28 14:12:00,1,546.04,11,4,2,2,8,Promising
17809,2011-11-23 12:59:00,12,5411.91,16,4,4,4,12,Champions
17811,2011-12-05 13:46:00,39,7831.03,4,4,4,4,12,Champions
17812,2011-11-27 11:47:00,4,732.16,13,4,3,3,10,Loyal
17813,2011-11-25 16:13:00,5,1770.8799999999999,14,4,4,4,12,Champions
17816,2011-11-03 11:34:00,4,36.56,37,3,3,1,7,Loyal
17817,2011-12-05 14:39:00,3,387.68,4,4,3,2,9,Loyal
17819,2011-09-29 10:52:00,7,3704.87,72,2,4,4,10,At Risk
17824,2011-10-19 14:14:00,1,298.4,51,3,2,1,6,Promising
17827,2011-12-04 15:00:00,5,1995.46,5,4,4,4,12,Champions
17828,2011-11-17 08:41:00,4,1165.09,23,3,3,3,9,Loyal
17829,2011-02-14 12:46:00,1,889.24,299,1,2,3,6,Needs Attention
17830,2011-12-08 12:28:00,3,398.7,2,4,3,2,9,Loyal
17831,2011-11-06 15:09:00,1,35.400000000000006,33,3,2,1,6,Promising
17832,2011-10-21 11:43:00,1,155.37,50,3,2,1,6,Promising
17835,2011-12-07 11:48:00,3,350.64,3,4,3,2,9,Loyal
17836,2011-10-23 16:13:00,1,109.83,47,3,2,1,6,Promising
17837,2011-10-28 16:13:00,8,1587.48,42,3,4,3,10,Loyal
17838,2011-11-13 11:20:00,5,2779.3,27,3,4,4,11,Loyal
17839,2011-10-28 17:27:00,1,338.8,42,3,2,2,7,Promising
17841,2011-12-08 12:07:00,124,40967.72,2,4,4,4,12,Champions
17843,2011-02-09 15:33:00,1,197.73,303,1,2,1,4,Needs Attention
17844,2011-08-25 11:27:00,1,51.559999999999995,107,2,2,1,5,Needs Attention
17848,2011-09-19 16:49:00,9,901.1999999999999,81,2,4,3,9,At Risk
17849,2011-05-05 13:46:00,4,605.8000000000001,218,1,3,2,6,At Risk
17850,2010-12-02 15:27:00,34,5391.21,372,1,4,4,9,At Risk
17852,2011-11-28 12:36:00,2,114.34,12,4,3,1,8,Loyal
17854,2011-06-07 16:21:00,2,311.26,185,1,3,2,6,At Risk
17855,2010-12-02 09:44:00,1,208.97,373,1,2,1,4,Needs Attention
17856,2011-12-08 09:40:00,4,1418.03,2,4,3,3,10,Loyal
17857,2011-12-05 13:13:00,22,25301.54,4,4,4,4,12,Champions
17858,2011-12-04 11:56:00,12,5155.66,6,4,4,4,12,Champions
17859,2011-02-08 10:32:00,1,148.21,305,1,2,1,4,Needs Attention
17860,2010-12-06 12:41:00,1,252.8,369,1,2,1,4,Needs Attention
17861,2011-12-06 16:21:00,8,2100.8,3,4,4,4,12,Champions
17862,2011-01-20 12:23:00,1,330.9,324,1,2,2,5,Needs Attention
17863,2011-10-11 13:45:00,6,3160.0,59,2,4,4,10,At Risk
17864,2011-11-27 11:15:00,3,597.5,13,4,3,2,9,Loyal
17865,2011-11-09 12:08:00,20,10524.220000000001,31,3,4,4,11,Loyal
17866,2011-07-20 11:07:00,1,329.65,143,2,2,2,6,Needs Attention
17867,2011-11-09 14:15:00,6,1197.1000000000001,30,3,4,3,10,Loyal
17869,2011-08-24 16:16:00,5,428.18,107,2,4,2,8,At Risk
17870,2011-12-07 15:07:00,12,1894.35,2,4,4,4,12,Champions
17871,2011-05-19 11:32:00,1,155.9,205,1,2,1,4,Needs Attention
17873,2011-09-20 16:41:00,5,1729.7800000000002,80,2,4,4,10,At Risk
17874,2011-06-07 12:54:00,6,683.46,185,1,4,3,8,At Risk
17877,2011-06-22 13:00:00,1,237.61,170,1,2,1,4,Needs Attention
17878,2011-10-27 11:24:00,1,379.45,44,3,2,2,7,Promising
17879,2011-06-19 12:36:00,1,178.51999999999998,174,1,2,1,4,Needs Attention
17880,2010-12-10 10:21:00,1,458.92,365,1,2,2,5,Needs Attention
17881,2011-02-08 17:16:00,1,133.35000000000002,304,1,2,1,4,Needs Attention
17883,2011-12-06 17:49:00,4,671.77,3,4,3,3,10,Loyal
17884,2011-12-06 11:33:00,4,717.45,4,4,3,3,10,Loyal
17885,2011-11-27 14:40:00,1,190.19,12,4,2,1,7,Promising
17886,2011-11-08 10:09:00,3,899.61,32,3,3,3,9,Loyal
17887,2011-08-02 17:29:00,1,111.35,129,2,2,1,5,Needs Attention
17888,2011-11-18 13:45:00,8,726.05,21,3,4,3,10,Loyal
17889,2011-05-11 16:26:00,2,203.87,212,1,3,1,5,At Risk
17890,2011-01-21 11:19:00,2,602.09,323,1,3,2,6,At Risk
17891,2011-06-30 20:08:00,1,203.85999999999999,162,1,2,1,4,Needs Attention
17892,2011-10-14 16:49:00,3,244.1,56,2,3,1,6,At Risk
17893,2011-04-28 13:50:00,1,112.25,225,1,2,1,4,Needs Attention
17894,2011-09-29 09:23:00,8,1119.39,72,2,4,3,9,At Risk
17895,2011-10-26 17:00:00,1,98.0,44,3,2,1,6,Promising
17896,2011-11-16 13:59:00,1,256.32,23,3,2,1,6,Promising
17897,2011-06-20 11:23:00,3,566.6,173,1,3,2,6,At Risk
17898,2011-09-15 14:56:00,2,152.06,85,2,3,1,6,At Risk
17899,2011-07-03 14:58:00,1,155.8,159,1,2,1,4,Needs Attention
17900,2011-06-02 14:38:00,2,112.19999999999999,190,1,3,1,5,At Risk
17901,2011-11-10 17:29:00,1,110.38,29,3,2,1,6,Promising
17904,2011-11-18 12:57:00,1,191.67,21,3,2,1,6,Promising
17905,2011-09-29 17:33:00,4,800.24,71,2,3,3,8,At Risk
17906,2011-04-06 17:25:00,1,72.9,247,1,2,1,4,Needs Attention
17908,2010-12-01 11:45:00,1,243.28,374,1,2,1,4,Needs Attention
17911,2011-11-30 14:52:00,1,366.23,9,4,2,2,8,Promising
17912,2011-02-02 14:25:00,5,311.01,310,1,4,2,7,At Risk
17913,2011-10-12 10:45:00,2,411.6,59,2,3,2,7,At Risk
17914,2011-12-06 11:58:00,1,336.43,4,4,2,2,8,Promising
17917,2011-10-25 13:20:00,3,341.28,45,3,3,2,8,Loyal
17919,2011-09-12 13:41:00,1,1304.04,88,2,2,3,7,Needs Attention
17920,2011-12-05 14:29:00,17,4192.2,4,4,4,4,12,Champions
17921,2011-10-06 18:56:00,4,826.52,64,2,3,3,8,At Risk
17923,2011-03-02 15:15:00,1,207.50000000000003,282,1,2,1,4,Needs Attention
17924,2011-11-28 09:11:00,7,2962.5,12,4,4,4,12,Champions
17925,2010-12-02 10:10:00,1,244.08,373,1,2,1,4,Needs Attention
17926,2011-07-29 14:39:00,2,397.29,133,2,3,2,7,At Risk
17928,2011-10-25 13:52:00,2,184.46,45,3,3,1,7,Loyal
17929,2011-11-28 16:01:00,4,843.0,11,4,3,3,10,Loyal
17930,2011-11-04 10:23:00,5,1740.48,36,3,4,4,11,Loyal
17931,2011-07-28 18:33:00,2,408.36,134,2,3,2,7,At Risk
17932,2011-11-10 19:49:00,3,1331.57,29,3,3,3,9,Loyal
17934,2011-10-19 11:16:00,2,704.25,52,2,3,3,8,At Risk
17935,2011-07-24 13:18:00,2,142.89,138,2,3,1,6,At Risk
17936,2011-12-04 13:32:00,1,389.84,5,4,2,2,8,Promising
17937,2011-12-01 11:45:00,7,4301.22,9,4,4,4,12,Champions
17939,2011-07-03 12:27:00,1,99.14,160,1,2,1,4,Needs Attention
17940,2011-10-21 13:27:00,9,2238.58,49,3,4,4,11,Loyal
17941,2011-08-01 08:30:00,1,304.56,131,2,2,1,5,Needs Attention
17942,2011-12-02 10:45:00,1,77.50000000000001,8,4,2,1,7,Promising
17946,2011-04-20 17:00:00,2,149.57999999999998,233,1,3,1,5,At Risk
17947,2011-11-02 13:05:00,1,176.68,37,3,2,1,6,Promising
17948,2011-07-15 12:58:00,1,358.56000000000006,147,1,2,2,5,Needs Attention
17949,2011-12-08 18:46:00,44,58030.48,1,4,4,4,12,Champions
17950,2011-09-28 15:18:00,3,482.2,72,2,3,2,7,At Risk
17951,2011-10-31 12:30:00,3,1008.5400000000001,40,3,3,3,9,Loyal
17954,2011-12-04 14:15:00,12,2332.72,5,4,4,4,12,Champions
17955,2011-05-25 12:00:00,4,557.3,199,1,3,2,6,At Risk
17956,2011-04-04 13:47:00,1,12.75,249,1,2,1,4,Needs Attention
17957,2011-10-04 14:58:00,1,110.72,66,2,2,1,5,Needs Attention
17958,2011-08-15 12:19:00,1,508.4599999999999,117,2,2,2,6,Needs Attention
17960,2011-06-21 14:15:00,1,73.78,171,1,2,1,4,Needs Attention
17961,2011-11-18 16:55:00,39,1296.44,21,3,4,3,10,Loyal
17962,2011-07-20 14:16:00,1,102.83,142,2,2,1,5,Needs Attention
17964,2011-11-08 10:44:00,2,471.7,32,3,3,2,8,Loyal
17965,2011-11-02 09:31:00,14,2622.57,38,3,4,4,11,Loyal
17966,2011-11-02 10:26:00,5,1098.43,38,3,4,3,10,Loyal
17967,2010-12-03 11:19:00,1,123.07,372,1,2,1,4,Needs Attention
17968,2010-12-01 12:23:00,1,277.35,374,1,2,1,4,Needs Attention
17969,2011-06-26 13:00:00,2,228.2,166,1,3,1,5,At Risk
17970,2011-05-12 20:03:00,1,582.59,211,1,2,2,5,Needs Attention
17972,2011-04-12 12:16:00,1,136.04,242,1,2,1,4,Needs Attention
17973,2011-10-19 10:34:00,1,337.04,52,2,2,2,6,Needs Attention
17974,2011-11-15 11:37:00,3,740.79,25,3,3,3,9,Loyal
17975,2011-11-24 13:27:00,13,4485.51,15,4,4,4,12,Champions
17976,2010-12-02 13:49:00,1,353.19,372,1,2,2,5,Needs Attention
17977,2011-11-10 13:28:00,1,288.14,29,3,2,1,6,Promising
17978,2010-12-09 14:05:00,1,300.91999999999996,365,1,2,1,4,Needs Attention
17979,2011-11-04 12:05:00,4,754.31,36,3,3,3,9,Loyal
17980,2011-06-27 12:01:00,3,811.45,166,1,3,3,7,At Risk
17984,2011-07-17 15:59:00,1,152.68,145,1,2,1,4,Needs Attention
17985,2011-11-17 14:24:00,1,634.95,22,3,2,2,7,Promising
17986,2011-10-14 14:22:00,1,20.8,56,2,2,1,5,Needs Attention
17987,2011-06-07 14:22:00,1,198.57,185,1,2,1,4,Needs Attention
17988,2011-11-28 11:00:00,7,201.12,12,4,4,1,9,Loyal
17990,2011-04-17 11:44:00,3,630.84,237,1,3,2,6,At Risk
17991,2011-04-28 15:58:00,2,93.35,225,1,3,1,5,At Risk
17994,2011-08-10 11:41:00,4,678.49,122,2,3,3,8,At Risk
17995,2011-03-03 12:30:00,1,76.1,282,1,2,1,4,Needs Attention
17997,2011-09-26 16:13:00,8,1970.6699999999998,74,2,4,4,10,At Risk
17999,2011-11-02 15:56:00,2,382.06,37,3,3,2,8,Loyal
18001,2011-11-27 16:02:00,2,417.23,12,4,3,2,9,Loyal
18004,2010-12-12 13:47:00,1,169.47,362,1,2,1,4,Needs Attention
18005,2011-12-06 11:51:00,2,249.72,4,4,3,1,8,Loyal
18006,2011-11-16 16:52:00,1,444.68,23,3,2,2,7,Promising
18008,2011-09-30 15:17:00,9,2116.19,70,2,4,4,10,At Risk
18009,2011-04-18 13:36:00,1,257.34,235,1,2,1,4,Needs Attention
18010,2011-03-28 12:27:00,1,174.8,257,1,2,1,4,Needs Attention
18011,2010-12-01 17:35:00,1,102.78999999999999,373,1,2,1,4,Needs Attention
18013,2011-07-07 14:11:00,2,187.29,155,1,3,1,5,At Risk
18014,2011-11-11 15:28:00,1,158.47,28,3,2,1,6,Promising
18015,2011-12-05 14:49:00,1,120.03,4,4,2,1,7,Promising
18016,2011-11-07 13:25:00,5,1483.56,32,3,4,3,10,Loyal
18017,2011-09-19 16:15:00,3,523.0,81,2,3,2,7,At Risk
18018,2011-08-23 17:37:00,2,122.14,108,2,3,1,6,At Risk
18019,2011-10-19 12:10:00,1,38.45,52,2,2,1,5,Needs Attention
18022,2011-11-04 12:45:00,1,668.11,36,3,2,2,7,Promising
18024,2011-07-10 12:40:00,2,389.78,153,1,3,2,6,At Risk
18027,2011-09-02 10:38:00,1,115.31,99,2,2,1,5,Needs Attention
18030,2011-12-05 16:37:00,2,230.64999999999998,4,4,3,1,8,Loyal
18032,2011-01-09 15:32:00,1,73.5,334,1,2,1,4,Needs Attention
18033,2011-10-05 17:28:00,1,97.97,65,2,2,1,5,Needs Attention
18034,2011-11-18 12:22:00,2,422.88,22,3,3,2,8,Loyal
18035,2011-11-04 12:39:00,3,730.4,36,3,3,3,9,Loyal
18036,2011-11-07 14:40:00,3,405.62,32,3,3,2,8,Loyal
18037,2011-07-08 13:39:00,6,70.02,154,1,4,1,6,At Risk
18040,2011-11-20 14:20:00,2,357.20000000000005,19,3,3,2,8,Loyal
18041,2011-11-28 11:39:00,21,4183.39,12,4,4,4,12,Champions
18042,2011-10-17 11:49:00,1,165.04999999999998,54,2,2,1,5,Needs Attention
18043,2011-11-15 12:48:00,3,559.51,25,3,3,2,8,Loyal
18044,2011-12-05 14:26:00,10,2088.6,4,4,4,4,12,Champions
18045,2011-10-25 13:07:00,1,189.4,45,3,2,1,6,Promising
18048,2011-05-20 14:58:00,2,172.29000000000002,203,1,3,1,5,At Risk
18050,2010-12-15 14:25:00,1,74.4,359,1,2,1,4,Needs Attention
18053,2011-09-30 09:05:00,1,300.02,71,2,2,1,5,Needs Attention
18055,2011-12-02 14:25:00,10,6784.1900000000005,7,4,4,4,12,Champions
18056,2011-02-24 14:27:00,1,363.65,288,1,2,2,5,Needs Attention
18058,2011-11-30 08:38:00,1,170.16,10,4,2,1,7,Promising
18059,2011-11-16 16:49:00,3,306.46,23,3,3,2,8,Loyal
18061,2011-11-18 11:20:00,10,2119.41,22,3,4,4,11,Loyal
18062,2011-06-19 14:47:00,3,720.52,173,1,3,3,7,At Risk
18064,2011-07-29 16:39:00,2,814.0,133,2,3,3,8,At Risk
18065,2011-12-04 10:30:00,14,2392.83,6,4,4,4,12,Champions
18066,2011-09-25 15:30:00,1,318.0,75,2,2,2,6,Needs Attention
18067,2011-10-30 15:58:00,1,396.33,40,3,2,2,7,Promising
18068,2011-02-23 14:50:00,1,101.69999999999999,289,1,2,1,4,Needs Attention
18069,2011-11-13 16:03:00,5,2036.67,26,3,4,4,11,Loyal
18071,2011-03-27 11:59:00,2,453.0,258,1,3,2,6,At Risk
18072,2011-06-07 10:44:00,1,247.44,186,1,2,1,4,Needs Attention
18073,2011-08-17 14:02:00,12,3877.5200000000004,114,2,4,4,10,At Risk
18074,2010-12-01 09:53:00,1,489.6,374,1,2,2,5,Needs Attention
18075,2011-11-16 15:21:00,10,2611.75,23,3,4,4,11,Loyal
18077,2011-12-01 13:32:00,11,2633.0099999999998,8,4,4,4,12,Champions
18078,2011-05-06 14:32:00,2,336.13,217,1,3,2,6,At Risk
18079,2011-10-25 15:27:00,4,3651.97,45,3,3,4,10,Loyal
18080,2011-11-21 08:02:00,2,1231.5,19,3,3,3,9,Loyal
18081,2011-11-03 16:30:00,3,343.45,36,3,3,2,8,Loyal
18082,2011-11-14 12:45:00,1,703.37,26,3,2,3,8,Promising
18084,2011-11-23 13:57:00,1,90.47999999999999,16,4,2,1,7,Promising
18085,2011-01-13 15:17:00,2,689.95,330,1,3,3,7,At Risk
18086,2011-03-10 13:34:00,1,101.34,274,1,2,1,4,Needs Attention
18087,2011-02-22 10:43:00,1,3202.9199999999996,291,1,2,4,7,Needs Attention
18088,2011-10-09 13:41:00,1,167.67000000000002,61,2,2,1,5,Needs Attention
18092,2011-12-07 13:14:00,11,9068.26,2,4,4,4,12,Champions
18093,2011-09-07 15:43:00,4,2106.52,93,2,3,4,9,At Risk
18094,2011-09-19 09:28:00,7,3017.3,82,2,4,4,10,At Risk
18095,2011-01-31 12:50:00,2,580.0500000000001,313,1,3,2,6,At Risk
18096,2011-11-28 12:44:00,3,911.15,12,4,3,3,10,Loyal
18097,2011-12-02 11:16:00,6,2697.8,8,4,4,4,12,Champions
18099,2011-08-04 15:52:00,1,168.31,127,2,2,1,5,Needs Attention
18101,2011-11-28 13:37:00,2,223.65,11,4,3,1,8,Loyal
18102,2011-12-09 11:50:00,60,259657.3,1,4,4,4,12,Champions
18104,2011-11-02 14:07:00,1,754.64,37,3,2,3,8,Promising
18105,2011-11-02 12:04:00,1,113.48000000000002,38,3,2,1,6,Promising
18106,2011-01-14 12:23:00,1,430.7,330,1,2,2,5,Needs Attention
18108,2011-03-30 13:56:00,1,271.0,254,1,2,1,4,Needs Attention
18109,2011-12-08 11:36:00,26,8052.97,2,4,4,4,12,Champions
18110,2011-11-20 12:34:00,1,236.3,20,3,2,1,6,Promising
18112,2011-11-27 14:43:00,2,352.69,12,4,3,2,9,Loyal
18113,2010-12-06 12:31:00,1,76.32000000000001,369,1,2,1,4,Needs Attention
18114,2011-02-22 13:20:00,1,220.1,290,1,2,1,4,Needs Attention
18116,2011-10-03 11:00:00,8,1414.43,68,2,4,3,9,At Risk
18117,2011-11-14 12:47:00,1,319.47,26,3,2,2,7,Promising
18118,2011-11-29 11:32:00,26,5651.42,11,4,4,4,12,Champions
18119,2010-12-07 11:59:00,1,181.12,368,1,2,1,4,Needs Attention
18120,2011-05-09 13:45:00,1,111.15,214,1,2,1,4,Needs Attention
18121,2011-07-13 12:53:00,2,673.1,149,1,3,3,7,At Risk
18122,2011-12-01 13:08:00,6,1824.99,8,4,4,4,12,Champions
18123,2011-11-15 14:23:00,2,589.4399999999999,24,3,3,2,8,Loyal
18125,2011-11-10 12:29:00,4,1142.99,30,3,3,3,9,Loyal
18126,2011-10-10 12:19:00,1,204.49,61,2,2,1,5,Needs Attention
18127,2011-11-20 14:05:00,3,348.73,19,3,3,2,8,Loyal
18129,2011-04-10 14:16:00,1,112.55000000000001,243,1,2,1,4,Needs Attention
18130,2011-11-24 14:40:00,3,1059.39,15,4,3,3,10,Loyal
18133,2011-05-11 14:14:00,1,931.4999999999999,212,1,2,3,6,Needs Attention
18135,2011-11-10 19:32:00,5,681.9100000000001,29,3,4,3,10,Loyal
18136,2011-10-07 15:40:00,3,784.33,63,2,3,3,8,At Risk
18138,2011-02-17 14:51:00,1,152.65,295,1,2,1,4,Needs Attention
18139,2011-11-22 10:44:00,6,8438.34,18,4,4,4,12,Champions
18142,2011-07-05 13:19:00,2,1019.52,157,1,3,3,7,At Risk
18143,2011-08-15 12:07:00,2,1000.16,117,2,3,3,8,At Risk
18144,2011-12-02 12:46:00,12,2888.75,8,4,4,4,12,Champions
18145,2011-11-27 11:22:00,4,2861.55,13,4,3,4,11,Loyal
18146,2011-07-22 12:08:00,2,160.35000000000002,141,2,3,1,6,At Risk
18147,2011-10-25 11:46:00,2,179.33999999999997,46,3,3,1,7,Loyal
18149,2011-10-20 12:04:00,3,612.0799999999999,51,3,3,2,8,Loyal
18150,2011-11-07 16:49:00,3,566.58,32,3,3,2,8,Loyal
18151,2011-07-28 11:35:00,2,653.35,135,2,3,2,7,At Risk
18154,2011-12-06 16:41:00,2,399.19,3,4,3,2,9,Loyal
18155,2011-09-25 13:32:00,3,371.62,75,2,3,2,7,At Risk
18156,2011-11-27 12:24:00,2,734.94,13,4,3,3,10,Loyal
18158,2011-11-30 16:19:00,2,453.4,9,4,3,2,9,Loyal
18159,2011-02-11 14:26:00,1,530.15,301,1,2,2,5,Needs Attention
18160,2011-10-13 15:50:00,2,638.0600000000001,57,2,3,2,7,At Risk
18161,2011-11-24 16:40:00,5,1618.69,15,4,4,3,11,Loyal
18164,2011-11-02 12:56:00,1,399.65000000000003,37,3,2,2,7,Promising
18165,2011-06-15 13:23:00,1,302.46000000000004,177,1,2,1,4,Needs Attention
18167,2011-11-16 15:56:00,3,1384.8600000000001,23,3,3,3,9,Loyal
18168,2011-06-16 19:21:00,6,1169.94,176,1,4,3,8,At Risk
18169,2011-10-10 12:18:00,1,202.65,61,2,2,1,5,Needs Attention
18170,2011-11-06 14:35:00,3,980.31,33,3,3,3,9,Loyal
18171,2011-10-12 09:13:00,5,1231.31,59,2,4,3,9,At Risk
18172,2011-11-25 11:12:00,20,7561.68,15,4,4,4,12,Champions
18173,2011-09-14 11:26:00,4,2106.84,87,2,3,4,9,At Risk
18174,2011-12-02 16:56:00,1,104.0,7,4,2,1,7,Promising
18176,2010-12-16 15:45:00,1,476.35,358,1,2,2,5,Needs Attention
18177,2011-11-08 14:44:00,6,1341.42,31,3,4,3,10,Loyal
18178,2011-08-03 09:30:00,4,1590.81,129,2,3,3,8,At Risk
18179,2011-11-30 16:23:00,6,1793.17,9,4,4,4,12,Champions
18180,2011-12-05 08:39:00,6,1843.75,5,4,4,4,12,Champions
18181,2011-11-15 15:08:00,1,382.8,24,3,2,2,7,Promising
18183,2011-04-26 15:26:00,2,632.07,227,1,3,2,6,At Risk
18184,2011-11-24 15:28:00,1,49.8,15,4,2,1,7,Promising
18185,2011-04-04 13:42:00,1,304.25,249,1,2,1,4,Needs Attention
18188,2011-11-24 16:46:00,3,2001.04,15,4,3,4,11,Loyal
18189,2011-09-23 12:40:00,2,1090.24,78,2,3,3,8,At Risk
18190,2011-05-31 14:48:00,2,284.46000000000004,192,1,3,1,5,At Risk
18191,2011-03-23 12:08:00,1,207.79999999999998,262,1,2,1,4,Needs Attention
18192,2011-09-29 09:53:00,1,957.97,72,2,2,3,7,Needs Attention
18193,2011-06-27 13:58:00,1,243.76,165,1,2,1,4,Needs Attention
18194,2011-09-18 13:29:00,1,973.8399999999999,82,2,2,3,7,Needs Attention
18196,2011-09-05 16:22:00,2,689.13,95,2,3,3,8,At Risk
18198,2011-12-05 14:49:00,17,5425.56,4,4,4,4,12,Champions
18200,2011-08-25 18:45:00,1,163.8,106,2,2,1,5,Needs Attention
18202,2011-05-24 12:12:00,3,1396.99,200,1,3,3,7,At Risk
18203,2011-07-05 13:07:00,1,160.42000000000002,157,1,2,1,4,Needs Attention
18204,2011-09-29 16:44:00,3,1993.7,71,2,3,4,9,At Risk
18205,2011-11-03 13:22:00,2,517.36,36,3,3,2,8,Loyal
18209,2011-11-11 12:07:00,1,139.10000000000002,29,3,2,1,6,Promising
18210,2011-12-08 11:02:00,6,2621.38,2,4,4,4,12,Champions
18211,2011-11-14 08:10:00,5,600.07,26,3,4,2,9,Loyal
18212,2011-01-17 16:14:00,1,248.42,326,1,2,1,4,Needs Attention
18213,2011-04-17 10:21:00,1,232.48000000000002,237,1,2,1,4,Needs Attention
18215,2011-09-11 16:05:00,1,299.34000000000003,89,2,2,1,5,Needs Attention
18216,2011-11-08 16:55:00,1,481.75,31,3,2,2,7,Promising
18217,2011-11-10 13:18:00,2,621.75,29,3,3,2,8,Loyal
18218,2011-05-12 12:53:00,2,662.08,211,1,3,2,6,At Risk
18219,2011-12-07 11:43:00,10,2069.77,3,4,4,4,12,Champions
18220,2011-04-27 09:03:00,1,305.28000000000003,227,1,2,1,4,Needs Attention
18221,2011-11-17 14:40:00,5,1041.61,22,3,4,3,10,Loyal
18222,2011-09-08 10:45:00,1,443.0,93,2,2,2,6,Needs Attention
18223,2011-12-05 09:11:00,14,6484.54,5,4,4,4,12,Champions
18224,2011-03-21 10:30:00,1,158.95000000000002,264,1,2,1,4,Needs Attention
18225,2011-12-06 13:27:00,12,5509.12,3,4,4,4,12,Champions
18226,2011-10-26 13:36:00,11,5228.05,44,3,4,4,11,Loyal
18227,2011-05-06 12:23:00,1,93.75,218,1,2,1,4,Needs Attention
18228,2011-10-14 09:21:00,2,779.9,57,2,3,3,8,At Risk
18229,2011-11-28 09:48:00,20,7276.900000000001,12,4,4,4,12,Champions
18230,2011-11-30 13:22:00,7,2810.2000000000003,9,4,4,4,12,Champions
18231,2011-05-31 14:18:00,5,2083.27,192,1,4,4,9,At Risk
18232,2011-09-19 11:49:00,4,592.97,82,2,3,2,7,At Risk
18233,2011-01-18 08:44:00,1,440.0,326,1,2,2,5,Needs Attention
18235,2011-09-29 08:27:00,3,1796.48,72,2,3,4,9,At Risk
18236,2011-11-10 08:06:00,6,882.24,30,3,4,3,10,Loyal
18237,2011-12-07 12:49:00,5,987.1,3,4,4,3,11,Loyal
18239,2011-05-05 12:38:00,5,1561.6100000000001,219,1,4,3,8,At Risk
18240,2011-10-24 13:06:00,1,422.58,46,3,2,2,7,Promising
18241,2011-11-30 12:10:00,17,2073.09,10,4,4,4,12,Champions
18242,2011-09-28 13:43:00,4,2232.4900000000002,72,2,3,4,9,At Risk
18245,2011-12-02 14:48:00,7,2567.06,7,4,4,4,12,Champions
18246,2011-11-16 11:49:00,2,596.1,24,3,3,2,8,Loyal
18248,2011-08-09 10:19:00,2,804.02,123,2,3,3,8,At Risk
18249,2011-11-22 15:07:00,1,95.34,17,4,2,1,7,Promising
18250,2011-02-02 13:16:00,1,349.27,310,1,2,2,5,Needs Attention
18251,2011-09-13 15:03:00,1,4314.72,87,2,2,4,8,Needs Attention
18252,2011-10-20 12:43:00,2,526.67,51,3,3,2,8,Loyal
18255,2011-09-11 13:16:00,1,103.3,89,2,2,1,5,Needs Attention
18257,2011-10-31 14:48:00,8,2337.63,39,3,4,4,11,Loyal
18259,2011-11-15 12:34:00,3,2338.6000000000004,25,3,3,4,10,Loyal
18260,2011-06-20 12:37:00,6,2643.2000000000003,173,1,4,4,9,At Risk
18261,2011-10-27 15:36:00,2,324.24,43,3,3,2,8,Loyal
18262,2011-07-22 16:04:00,1,149.48,140,2,2,1,5,Needs Attention
18263,2011-11-14 09:00:00,3,1213.1599999999999,26,3,3,3,9,Loyal
18265,2011-09-28 14:10:00,2,801.51,72,2,3,3,8,At Risk
18268,2011-07-28 19:13:00,1,25.5,134,2,2,1,5,Needs Attention
18269,2010-12-08 13:53:00,1,168.6,366,1,2,1,4,Needs Attention
18270,2011-11-01 13:57:00,2,283.15,38,3,3,1,7,Loyal
18272,2011-12-07 12:43:00,6,3078.58,3,4,4,4,12,Champions
18273,2011-12-07 13:16:00,3,204.0,2,4,3,1,8,Loyal
18274,2011-11-09 17:03:00,1,175.92,30,3,2,1,6,Promising
18276,2011-10-27 10:54:00,1,335.86,44,3,2,2,7,Promising
18277,2011-10-12 15:22:00,1,110.38,58,2,2,1,5,Needs Attention
18278,2011-09-27 11:58:00,1,173.9,74,2,2,1,5,Needs Attention
18280,2011-03-07 09:52:00,1,180.60000000000002,278,1,2,1,4,Needs Attention
18281,2011-06-12 10:53:00,1,80.82,181,1,2,1,4,Needs Attention
18282,2011-12-02 11:43:00,2,178.05,8,4,3,1,8,Loyal
18283,2011-12-06 12:02:00,16,2088.93,4,4,4,4,12,Champions
18287,2011-10-28 09:29:00,3,1837.28,43,3,3,4,10,Loyal
